4665,WA,64,area_code_510,no,no,0,50.6,91,8.6,308.9,78,26.26,255.4,114,11.49,13.7,5,3.7,2,no
4666,MD,117,area_code_415,no,no,0,223.7,73,38.03,205.2,69,17.44,282.9,51,12.73,11.1,1,3,2,no
4667,KY,38,area_code_415,no,no,0,220.5,110,37.49,180.8,114,15.37,156.5,102,7.04,5.6,7,1.51,1,no
4668,DC,112,area_code_415,yes,no,0,217.6,110,36.99,195.7,105,16.63,178.8,106,8.05,10.4,8,2.81,2,no
4669,IL,48,area_code_415,no,yes,37,138.3,81,23.51,187.6,74,15.95,158,113,7.11,11.6,1,3.13,2,no
4670,WY,105,area_code_408,no,no,0,160.3,86,27.25,195.2,80,16.59,163.3,109,7.35,12.7,3,3.43,2,no
4671,SD,140,area_code_415,no,no,0,191.8,67,32.61,261.1,52,22.19,252.7,112,11.37,10.8,3,2.92,6,no
4672,WI,67,area_code_415,no,no,0,166.6,102,28.32,226.3,110,19.24,147.2,121,6.62,9.1,6,2.46,3,no
4673,UT,43,area_code_510,no,yes,24,207,109,35.19,181.7,100,15.44,148.7,111,6.69,5.7,6,1.54,1,no
4674,SD,185,area_code_408,no,yes,18,103.9,112,17.66,230,111,19.55,155.7,119,7.01,8.5,5,2.3,0,no
4675,GA,99,area_code_510,no,no,0,214.9,103,36.53,218.4,121,18.56,272.6,110,12.27,9.6,3,2.59,2,no
4676,IN,52,area_code_415,no,no,0,165.9,122,28.2,212.2,107,18.04,202.1,94,9.09,8.3,3,2.24,1,no
4678,OK,82,area_code_408,no,no,0,182.3,106,30.99,259.9,102,22.09,150.5,98,6.77,10.9,6,2.94,1,no
4680,AR,71,area_code_415,no,yes,27,151.2,118,25.7,228,82,19.38,169.8,113,7.64,5.6,17,1.51,0,no
4681,WA,124,area_code_510,no,no,0,178.8,64,30.4,226,118,19.21,240.5,89,10.82,5.5,4,1.49,2,no
4682,NC,172,area_code_415,no,no,0,136,90,23.12,184,89,15.64,137.5,48,6.19,5.5,3,1.49,0,no
4683,NH,97,area_code_415,no,no,0,87.1,110,14.81,202.1,110,17.18,137.9,89,6.21,14.4,4,3.89,2,no
4684,WY,120,area_code_408,no,no,0,169,87,28.73,111.1,93,9.44,118.7,102,5.34,12.2,3,3.29,3,no
4685,MO,83,area_code_415,no,no,0,196.7,117,33.44,272,89,23.12,199.9,62,9,10.1,11,2.73,3,no
4686,OR,92,area_code_415,no,no,0,114.6,94,19.48,209,78,17.77,209.7,97,9.44,8.3,5,2.24,2,no
4687,MN,130,area_code_415,no,no,0,204.5,88,34.77,178.4,85,15.16,229.6,78,10.33,12.6,8,3.4,0,no
4689,ME,53,area_code_510,no,yes,22,174.8,110,29.72,191.4,104,16.27,119.5,103,5.38,12,2,3.24,3,no
4690,MO,87,area_code_415,yes,no,0,128.9,71,21.91,281.9,91,23.96,209.1,100,9.41,9.9,4,2.67,0,no
4691,MN,138,area_code_510,no,no,0,54.8,123,9.32,147.5,76,12.54,173.6,119,7.81,11.5,1,3.11,1,no
4692,NE,136,area_code_415,no,no,0,259,105,44.03,166.9,125,14.19,255.1,107,11.48,11.1,3,3,3,no
4694,LA,109,area_code_408,no,no,0,123,111,20.91,237.2,103,20.16,258.8,91,11.65,9.3,12,2.51,1,no
4695,IA,84,area_code_415,no,no,0,169.9,96,28.88,190.3,103,16.18,188,82,8.46,8.6,2,2.32,2,no
4696,ME,157,area_code_408,no,yes,27,201.4,85,34.24,101.3,60,8.61,258.5,113,11.63,11.9,5,3.21,2,no
4697,VT,74,area_code_415,no,yes,24,124.2,146,21.11,266.2,84,22.63,156.7,108,7.05,11.5,6,3.11,3,no
4698,MA,66,area_code_408,no,no,0,128.2,109,21.79,274.5,112,23.33,211,90,9.49,8.1,4,2.19,0,no
4699,SD,142,area_code_408,no,yes,20,214.3,126,36.43,250.1,102,21.26,189.7,116,8.54,10.6,4,2.86,4,no
4700,WA,136,area_code_415,no,yes,24,243.3,107,41.36,226.8,111,19.28,138.5,117,6.23,11,4,2.97,4,no
4701,IN,75,area_code_510,no,yes,17,200.7,107,34.12,212.5,109,18.06,204,136,9.18,12.9,3,3.48,4,no
4702,MN,59,area_code_415,no,no,0,231.4,93,39.34,168,92,14.28,257.2,124,11.57,11.4,5,3.08,2,no
4703,OR,45,area_code_415,no,yes,32,235,85,39.95,240.5,101,20.44,147.1,88,6.62,7.7,3,2.08,2,no
4704,WV,48,area_code_408,no,no,0,237.5,117,40.38,211.1,114,17.94,163.9,114,7.38,9.7,3,2.62,1,no
4705,MO,16,area_code_510,no,no,0,228.3,80,38.81,130.9,75,11.13,156.7,98,7.05,8.4,9,2.27,1,no
4706,UT,140,area_code_415,no,no,0,160.5,123,27.29,185.9,110,15.8,150.4,94,6.77,10.7,5,2.89,1,no
4707,ME,108,area_code_510,no,yes,48,185.6,125,31.55,224.6,125,19.09,284.7,87,12.81,6.9,3,1.86,1,no
4708,IL,53,area_code_415,no,no,0,214.3,138,36.43,232.2,99,19.74,0,0,0,8.3,5,2.24,1,no
4709,OR,91,area_code_408,no,no,0,240.8,105,40.94,192.8,93,16.39,253.4,69,11.4,7.6,3,2.05,4,no
4710,RI,105,area_code_408,no,no,0,104.2,75,17.71,272.9,91,23.2,187.2,107,8.42,9.2,2,2.48,1,no
4712,TX,26,area_code_415,yes,no,0,194.4,105,33.05,238.3,100,20.26,239.1,129,10.76,9.6,5,2.59,0,no
4713,KY,129,area_code_415,no,no,0,130.2,94,22.13,195.2,126,16.59,195.5,68,8.8,7.6,5,2.05,2,no
4714,UT,118,area_code_408,yes,yes,52,123.7,114,21.03,133.2,137,11.32,191.8,102,8.63,7.9,3,2.13,0,no
4715,AL,152,area_code_408,no,no,0,142.8,106,24.28,230.5,87,19.59,212.8,74,9.58,7.2,8,1.94,0,no
4716,IL,51,area_code_510,no,yes,32,206.1,134,35.04,179.6,84,15.27,332.2,90,14.95,10.2,2,2.75,3,no
4717,AZ,57,area_code_415,no,yes,25,182.4,92,31.01,214.7,104,18.25,174.4,110,7.85,10.1,2,2.73,1,no
4718,SD,60,area_code_408,no,yes,43,179.9,100,30.58,245.1,71,20.83,225.7,114,10.16,11.4,4,3.08,2,no
4719,VA,103,area_code_415,no,no,0,228.4,103,38.83,97.3,129,8.27,199.9,67,9,9.4,7,2.54,3,no
4720,UT,57,area_code_415,no,no,0,202,100,34.34,168.9,90,14.36,231.8,119,10.43,3.4,4,0.92,1,no
4721,CO,84,area_code_415,no,no,0,148.8,89,25.3,189.8,93,16.13,147.6,73,6.64,6.3,2,1.7,1,no
4723,TX,130,area_code_415,no,no,0,159.9,70,27.18,236.8,127,20.13,227.9,95,10.26,9,1,2.43,1,no
4724,AZ,116,area_code_415,yes,no,0,191.7,97,32.59,176.2,127,14.98,103.9,96,4.68,4.9,4,1.32,2,no
4725,OK,51,area_code_415,no,no,0,86.4,102,14.69,202.1,113,17.18,113,84,5.09,11.9,6,3.21,2,no
4726,CT,161,area_code_510,no,no,0,151.2,89,25.7,228.4,117,19.41,169.3,107,7.62,9.3,2,2.51,2,no
4727,MT,39,area_code_415,no,no,0,196.2,105,33.35,306.8,111,26.08,201.5,110,9.07,6.9,11,1.86,0,no
4728,AR,130,area_code_415,no,no,0,182.1,136,30.96,204.2,99,17.36,355.1,135,15.98,12,7,3.24,2,no
4729,AR,42,area_code_510,no,no,0,155.1,110,26.37,160.8,109,13.67,237.4,115,10.68,11.3,2,3.05,3,no
4730,CO,97,area_code_415,no,yes,27,125.9,90,21.4,123.4,91,10.49,230,71,10.35,7.3,7,1.97,0,no
4731,AZ,127,area_code_415,no,yes,29,136.1,146,23.14,302.6,105,25.72,163.1,116,7.34,18.5,2,5,2,no
4732,UT,34,area_code_415,no,yes,33,284.3,115,48.33,204.8,125,17.41,143,83,6.44,3.5,4,0.95,0,no
4733,MI,116,area_code_415,no,no,0,199.7,76,33.95,98.5,104,8.37,220.1,108,9.9,13.7,6,3.7,1,no
4734,SD,158,area_code_415,no,no,0,98.2,87,16.69,198.3,71,16.86,246,99,11.07,13,5,3.51,2,no
4735,PA,86,area_code_415,no,yes,23,247.6,65,42.09,255.7,104,21.73,150,138,6.75,7.3,5,1.97,3,no
4737,MN,78,area_code_415,no,no,0,241.3,113,41.02,146.6,97,12.46,129,131,5.81,11.8,6,3.19,3,no
4739,IN,84,area_code_408,no,no,0,163.7,123,27.83,175,93,14.88,194,115,8.73,8,5,2.16,1,no
4740,KS,132,area_code_415,no,no,0,164,112,27.88,243.6,80,20.71,155.5,122,7,10.2,4,2.75,1,no
4742,HI,83,area_code_415,no,no,0,195.2,101,33.18,188.7,38,16.04,270,91,12.15,11.4,3,3.08,0,no
4743,MT,49,area_code_415,yes,no,0,157.6,101,26.79,256.4,69,21.79,260.8,107,11.74,9.8,4,2.65,1,no
4744,AZ,148,area_code_415,no,no,0,168.7,125,28.68,208.5,79,17.72,184.1,86,8.28,6.8,6,1.84,2,no
4746,VT,78,area_code_408,no,yes,38,199,96,33.83,75.5,93,6.42,180.2,78,8.11,7.5,7,2.03,1,no
4747,CA,65,area_code_408,no,no,0,182.5,58,31.03,201.9,93,17.16,189.1,97,8.51,8.6,5,2.32,1,no
4748,MD,79,area_code_415,no,no,0,81.2,91,13.8,215.7,126,18.33,245.9,85,11.07,10.9,4,2.94,1,no
4749,MD,76,area_code_415,no,no,0,179.1,110,30.45,157.2,81,13.36,240,109,10.8,6.5,3,1.76,0,no
4750,NE,124,area_code_415,no,no,0,182.7,98,31.06,197.2,93,16.76,220.6,105,9.93,8.1,4,2.19,1,no
4751,AL,98,area_code_408,no,no,0,207,94,35.19,256.3,64,21.79,137.6,60,6.19,10.4,4,2.81,2,no
4752,WV,142,area_code_415,no,no,0,243.4,76,41.38,161.4,102,13.72,120.5,105,5.42,10,5,2.7,4,no
4753,NM,146,area_code_415,no,no,0,157.4,89,26.76,196,117,16.66,147.7,150,6.65,10.8,4,2.92,0,no
4754,IN,84,area_code_510,no,no,0,233.9,76,39.76,153.2,96,13.02,228,82,10.26,12.8,5,3.46,3,no
4755,NE,200,area_code_408,no,no,0,195.4,71,33.22,249.4,96,21.2,233.1,132,10.49,12.9,2,3.48,3,no
4756,OK,17,area_code_408,no,no,0,180.4,121,30.67,228.5,111,19.42,199.5,99,8.98,14.8,5,4,0,no
4757,GA,84,area_code_415,no,no,0,172.3,92,29.29,224.2,96,19.06,223.4,100,10.05,9.7,1,2.62,2,no
4758,NE,67,area_code_408,no,no,0,144.7,91,24.6,219.6,106,18.67,233.5,98,10.51,12.6,8,3.4,1,no
4759,SC,125,area_code_408,no,no,0,143.6,119,24.41,238.5,119,20.27,173.6,89,7.81,10.9,4,2.94,2,no
4760,CO,61,area_code_510,no,no,0,88.1,60,14.98,129.7,108,11.02,169,87,7.61,13.3,4,3.59,2,no
4761,SC,103,area_code_415,no,yes,30,254.1,75,43.2,200.4,116,17.03,185.9,109,8.37,6.6,2,1.78,2,no
4762,NM,20,area_code_408,no,no,0,131.5,64,22.36,161.8,124,13.75,158.6,106,7.14,14.8,5,4,0,no
4763,NJ,115,area_code_510,no,no,0,156.8,104,26.66,264.7,84,22.5,249,112,11.21,7.4,8,2,0,no
4764,TN,139,area_code_510,no,no,0,196.9,58,33.47,137.1,91,11.65,216.6,101,9.75,9.8,3,2.65,1,no
4765,ID,96,area_code_415,no,no,0,178,140,30.26,294.6,125,25.04,242.2,91,10.9,12,6,3.24,2,no
4766,ID,101,area_code_510,no,no,0,195.8,105,33.29,184.5,109,15.68,172,128,7.74,11.8,2,3.19,2,no
4767,OH,86,area_code_408,no,yes,26,141.3,120,24.02,134.6,98,11.44,195.9,94,8.82,13.3,5,3.59,1,no
4768,AL,42,area_code_415,no,yes,21,125.5,67,21.34,166.7,90,14.17,227.1,97,10.22,11,1,2.97,2,no
4769,ME,48,area_code_510,no,no,0,200.5,117,34.09,225.3,123,19.15,134,89,6.03,6.7,5,1.81,4,no
4770,IL,134,area_code_408,no,no,0,205.5,87,34.94,208.9,67,17.76,182.3,69,8.2,5.2,3,1.4,2,no
4771,CA,149,area_code_415,no,no,0,152.1,116,25.86,164.3,83,13.97,142.8,98,6.43,7.6,3,2.05,0,no
4772,AL,120,area_code_415,no,no,0,216.5,113,36.81,251.8,91,21.4,164.5,125,7.4,7.3,1,1.97,3,no
4775,NJ,16,area_code_510,no,no,0,228.6,130,38.86,208.4,103,17.71,195.3,118,8.79,11.9,7,3.21,0,no
4776,IN,80,area_code_415,no,no,0,106.5,116,18.11,104.8,67,8.91,183.2,124,8.24,8.2,5,2.21,1,no
4778,IN,104,area_code_510,no,yes,44,163.2,69,27.74,271.7,107,23.09,175.6,109,7.9,9.9,2,2.67,3,no
4780,DE,74,area_code_415,no,yes,38,176,84,29.92,288.2,103,24.5,178.2,86,8.02,14.8,5,4,2,no
4781,NJ,135,area_code_510,no,no,0,180.1,112,30.62,257.2,89,21.86,131.6,111,5.92,11.4,7,3.08,1,no
4782,ND,55,area_code_415,no,no,0,180.1,77,30.62,235.5,98,20.02,169.4,104,7.62,11.1,2,3,0,no
4783,SD,106,area_code_415,no,no,0,94.8,113,16.12,283.2,95,24.07,219.3,106,9.87,6.8,4,1.84,1,no
4784,VA,34,area_code_415,no,no,0,210.4,75,35.77,205.1,108,17.43,230.5,129,10.37,12.5,2,3.38,1,no
4785,VA,100,area_code_415,no,no,0,174.2,93,29.61,235,101,19.98,264.2,83,11.89,9.9,7,2.67,1,no
4786,ID,127,area_code_408,no,no,0,189.7,110,32.25,142.4,116,12.1,175.2,79,7.88,8.5,8,2.3,2,no
4787,ID,65,area_code_408,no,yes,19,259,96,44.03,332.3,106,28.25,130.1,95,5.85,7.5,7,2.03,1,no
4788,MO,109,area_code_415,no,yes,39,86.4,69,14.69,189.1,108,16.07,225.4,119,10.14,4.8,4,1.3,2,no
4790,LA,76,area_code_510,no,yes,17,234.9,111,39.93,255.4,143,21.71,194.6,80,8.76,15.4,3,4.16,1,no
4791,UT,141,area_code_510,no,no,0,196.5,104,33.41,175.1,111,14.88,209.6,110,9.43,14.1,4,3.81,6,no
4792,MN,136,area_code_415,no,no,0,221.4,120,37.64,249.5,78,21.21,192,68,8.64,13.6,2,3.67,0,no
4793,SD,69,area_code_408,no,yes,33,170.2,113,28.93,192.4,69,16.35,112,108,5.04,13,1,3.51,2,no
4794,RI,42,area_code_408,no,no,0,191.9,139,32.62,304.2,91,25.86,179.5,91,8.08,11.7,4,3.16,0,no
4795,MS,162,area_code_415,yes,no,0,172.1,138,29.26,165.9,93,14.1,279,81,12.56,9.2,6,2.48,2,no
4796,NC,49,area_code_415,no,no,0,189.9,104,32.28,247.4,120,21.03,159.8,113,7.19,10.1,6,2.73,1,no
4797,VA,103,area_code_408,no,no,0,147.8,71,25.13,182.6,103,15.52,260.8,95,11.74,6.9,3,1.86,1,no
4798,VA,102,area_code_510,no,no,0,62.5,68,10.63,222.2,114,18.89,142.4,96,6.41,12.5,5,3.38,1,no
4800,OR,100,area_code_415,no,yes,20,123.7,98,21.03,200.8,125,17.07,181,118,8.15,9.6,5,2.59,1,no
4801,NE,86,area_code_408,no,no,0,113.1,77,19.23,294.4,126,25.02,101.4,94,4.56,13.4,3,3.62,1,no
4802,DE,94,area_code_415,no,yes,38,220,102,37.4,180.3,119,15.33,136.2,90,6.13,10.3,2,2.78,1,no
4803,DC,106,area_code_415,no,no,0,147.7,105,25.11,215,129,18.28,267.2,95,12.02,11,3,2.97,1,no
4805,ND,62,area_code_510,no,no,0,196.2,107,33.35,103.9,104,8.83,203.8,88,9.17,13.2,4,3.56,1,no
4806,MD,47,area_code_415,no,no,0,111.3,92,18.92,109.4,108,9.3,116.9,80,5.26,10.8,8,2.92,1,no
4807,LA,51,area_code_415,no,no,0,176.7,129,30.04,218.9,125,18.61,183.9,51,8.28,9.1,4,2.46,0,no
4808,OK,116,area_code_408,no,no,0,211.3,91,35.92,190.9,116,16.23,184.1,134,8.28,6.3,4,1.7,2,no
4809,ID,145,area_code_415,no,no,0,219,98,37.23,176.1,109,14.97,166.3,132,7.48,6.8,3,1.84,2,no
4811,PA,180,area_code_415,no,no,0,174.1,94,29.6,147.1,93,12.5,216.9,108,9.76,16.2,3,4.37,1,no
4812,NE,67,area_code_415,no,no,0,124,77,21.08,222.2,95,18.89,151.2,111,6.8,13.1,2,3.54,0,no
4813,TX,38,area_code_415,no,yes,38,175.6,127,29.85,260.5,118,22.14,199.5,109,8.98,12.3,2,3.32,2,no
4814,LA,164,area_code_408,no,yes,32,111.7,116,18.99,133.9,93,11.38,176.5,76,7.94,8,5,2.16,1,no
4815,WI,119,area_code_415,no,no,0,37.4,102,6.36,182.3,115,15.5,191.9,100,8.64,8.3,5,2.24,2,no
4816,AR,74,area_code_415,no,no,0,201.4,112,34.24,109.6,71,9.32,200.2,135,9.01,10.7,2,2.89,1,no
4817,GA,18,area_code_415,no,no,0,156,88,26.52,213.8,127,18.17,244.9,113,11.02,11.4,9,3.08,1,no
4818,NY,93,area_code_408,no,no,0,162.9,103,27.69,243.6,97,20.71,172.4,111,7.76,7,5,1.89,4,no
4819,MT,64,area_code_415,no,yes,18,211.4,111,35.94,150.8,67,12.82,216.5,87,9.74,10.5,2,2.84,2,no
4820,MA,103,area_code_408,no,no,0,170.6,79,29,144.8,126,12.31,193.6,102,8.71,6,3,1.62,0,no
4821,AK,121,area_code_415,no,no,0,203.9,126,34.66,267.3,107,22.72,221.9,72,9.99,10.5,2,2.84,3,no
4822,LA,108,area_code_415,no,no,0,157.3,83,26.74,162.8,75,13.84,112,101,5.04,9.7,4,2.62,1,no
4823,AK,112,area_code_510,no,no,0,172.7,112,29.36,244.5,83,20.78,242.3,68,10.9,4.1,1,1.11,0,no
4824,RI,77,area_code_408,no,no,0,196.6,87,33.42,117.7,103,10,124.9,100,5.62,11.4,3,3.08,2,no
4825,AR,68,area_code_408,no,yes,43,147.7,95,25.11,259.3,108,22.04,237.1,106,10.67,8.9,8,2.4,3,no
4827,CT,87,area_code_510,no,yes,18,186.7,74,31.74,220,77,18.7,224.6,137,10.11,12,4,3.24,1,no
4828,SC,43,area_code_408,no,yes,39,198.5,104,33.75,163.1,107,13.86,212.2,125,9.55,10.8,2,2.92,1,no
4829,WA,113,area_code_408,no,no,0,161.1,133,27.39,205.3,95,17.45,60.3,93,2.71,12.2,2,3.29,2,no
4830,AR,95,area_code_415,no,yes,27,190.8,76,32.44,177.5,104,15.09,227.3,95,10.23,5.9,1,1.59,2,no
4831,TX,30,area_code_415,no,no,0,195.2,100,33.18,179.8,95,15.28,298.3,115,13.42,11.5,4,3.11,1,no
4832,GA,56,area_code_415,no,no,0,245.5,39,41.74,231.8,116,19.7,156.9,68,7.06,10.1,10,2.73,5,no
4834,ME,82,area_code_415,no,yes,23,165.2,103,28.08,193.9,78,16.48,170.9,90,7.69,11.8,2,3.19,1,no
4835,PA,96,area_code_415,no,yes,28,66.6,147,11.32,297,121,25.25,144.2,106,6.49,13,3,3.51,2,no
4836,WI,95,area_code_415,no,no,0,198.9,101,33.81,209.7,91,17.82,145.3,55,6.54,11.4,4,3.08,1,no
4837,DE,97,area_code_408,no,no,0,169.2,91,28.76,224.6,122,19.09,108,115,4.86,13,5,3.51,1,no
4839,HI,94,area_code_408,no,no,0,226.6,119,38.52,199.8,111,16.98,219.4,141,9.87,11.7,2,3.16,3,no
4840,PA,88,area_code_415,no,no,0,158.2,130,26.89,234.6,91,19.94,291,117,13.1,12.9,3,3.48,2,no
4841,MA,95,area_code_415,no,no,0,186.4,85,31.69,173.4,100,14.74,294.7,73,13.26,9.1,5,2.46,1,no
4842,MS,90,area_code_415,no,yes,32,194,83,32.98,151.7,111,12.89,205.8,111,9.26,9.3,4,2.51,1,no
4843,SD,52,area_code_408,no,no,0,165.8,94,28.19,192.8,135,16.39,247.8,64,11.15,12.4,7,3.35,3,no
4844,PA,91,area_code_510,no,no,0,143.2,127,24.34,103,89,8.76,233.5,94,10.51,12.7,3,3.43,2,no
4845,MD,163,area_code_510,no,no,0,238.6,107,40.56,178,85,15.13,196,124,8.82,6.2,4,1.67,1,no
4846,MS,145,area_code_408,yes,no,0,113,63,19.21,187,131,15.9,146.8,61,6.61,10.9,7,2.94,1,no
4847,AR,112,area_code_510,no,no,0,136.1,95,23.14,163.8,111,13.92,157.2,118,7.07,8.9,5,2.4,1,no
4848,MI,116,area_code_408,no,no,0,149.6,74,25.43,167.9,92,14.27,174.1,100,7.83,16.4,7,4.43,0,no
4849,ID,95,area_code_415,no,no,0,232,80,39.44,126.1,94,10.72,109.6,117,4.93,12,6,3.24,1,no
4850,NY,49,area_code_415,no,no,0,167.2,94,28.42,218.1,121,18.54,313.1,109,14.09,7.8,5,2.11,3,no
4851,AK,121,area_code_415,no,no,0,162.4,87,27.61,285.2,104,24.24,117.4,125,5.28,5.8,5,1.57,2,no
4852,TN,39,area_code_510,no,no,0,189.6,89,32.23,251.6,116,21.39,230.9,105,10.39,5.4,8,1.46,3,no
4853,CT,41,area_code_415,no,yes,24,247.6,97,42.09,199.7,106,16.97,217.7,91,9.8,12.1,6,3.27,1,no
4854,HI,60,area_code_510,no,no,0,179.4,108,30.5,263.2,74,22.37,133.3,78,6,13.4,7,3.62,2,no
4855,RI,158,area_code_510,no,no,0,245.1,68,41.67,195.8,100,16.64,244.2,80,10.99,11.5,4,3.11,2,no
4856,MS,121,area_code_408,no,yes,12,127.2,56,21.62,241.6,114,20.54,176.6,84,7.95,13.2,3,3.56,3,no
4858,MS,45,area_code_415,no,no,0,142.7,80,24.26,205.4,135,17.46,228.1,87,10.26,12,11,3.24,2,no
4859,WI,154,area_code_510,no,no,0,94.5,97,16.07,178.2,127,15.15,230.2,99,10.36,9.2,3,2.48,2,no
4860,MS,95,area_code_510,no,yes,44,173.3,114,29.46,152.3,78,12.95,144.4,118,6.5,12.3,3,3.32,2,no
4861,DE,127,area_code_510,no,no,0,241.7,115,41.09,141.5,96,12.03,170.7,94,7.68,4.5,5,1.22,2,no
4864,PA,78,area_code_408,no,yes,28,246,136,41.82,147.5,99,12.54,118.8,99,5.35,4,2,1.08,2,no
4865,VT,122,area_code_510,no,no,0,216.5,60,36.81,250.3,140,21.28,247,99,11.12,5.7,6,1.54,2,no
4866,WY,101,area_code_415,no,yes,24,240.5,103,40.89,280.5,78,23.84,212.8,69,9.58,10.4,5,2.81,2,no
4867,SD,67,area_code_415,no,no,0,284.5,104,48.37,88.6,71,7.53,171.4,93,7.71,12.5,4,3.38,1,no
4868,WY,142,area_code_415,no,no,0,131.7,85,22.39,239.6,118,20.37,235.1,77,10.58,8.9,3,2.4,1,no
4869,SC,183,area_code_415,no,yes,31,211.9,126,36.02,224.3,125,19.07,226.2,125,10.18,13.8,2,3.73,1,no
4870,FL,202,area_code_415,no,no,0,168.9,88,28.71,235.8,98,20.04,273.2,108,12.29,14.6,3,3.94,3,no
4871,LA,24,area_code_415,yes,no,0,230.5,126,39.19,184.7,128,15.7,159.1,152,7.16,10.6,3,2.86,1,no
4872,FL,36,area_code_510,no,no,0,195.5,77,33.24,156.3,108,13.29,217.8,133,9.8,7.3,2,1.97,1,no
4873,WI,167,area_code_415,no,no,0,112.3,101,19.09,204.8,140,17.41,141.2,118,6.35,13.3,2,3.59,1,no
4874,IL,118,area_code_415,no,no,0,103.6,107,17.61,82,149,6.97,169.5,103,7.63,6.6,6,1.78,0,no
4875,NE,136,area_code_415,no,no,0,121.5,80,20.66,220.1,97,18.71,179.5,94,8.08,10.4,5,2.81,1,no
4876,SC,77,area_code_415,no,no,0,175.8,116,29.89,156.2,125,13.28,237.4,106,10.68,5,4,1.35,0,no
4877,IL,85,area_code_415,no,no,0,187,95,31.79,163.6,136,13.91,212.3,105,9.55,7.9,2,2.13,2,no
4878,MI,133,area_code_415,no,no,0,165.9,98,28.2,161.9,110,13.76,208.9,120,9.4,11.2,11,3.02,2,no
4879,OR,122,area_code_408,no,no,0,152,86,25.84,162.8,61,13.84,161.9,98,7.29,9.3,3,2.51,1,no
4880,VA,52,area_code_415,yes,yes,27,207.5,92,35.28,182.8,92,15.54,189,68,8.5,9.8,3,2.65,2,no
4881,KS,136,area_code_415,no,no,0,232.9,119,39.59,191,103,16.24,222.5,59,10.01,10.7,3,2.89,0,no
4882,CA,19,area_code_408,no,no,0,146.8,99,24.96,190.5,101,16.19,146.1,68,6.57,9.3,2,2.51,0,no
4883,MO,140,area_code_510,no,no,0,201.9,114,34.32,181.7,97,15.44,184.5,122,8.3,12.1,10,3.27,0,no
4884,WY,119,area_code_408,no,no,0,121.4,95,20.64,230.9,81,19.63,163.6,103,7.36,13.8,4,3.73,2,no
4885,SC,139,area_code_510,no,no,0,201.8,121,34.31,238.6,89,20.28,174.1,151,7.83,13.5,4,3.65,1,no
4886,ME,122,area_code_510,no,no,0,265.7,130,45.17,47.3,116,4.02,140.3,103,6.31,8.7,1,2.35,3,no
4887,AR,80,area_code_415,no,yes,34,243.4,96,41.38,102.3,115,8.7,217.8,95,9.8,12.2,3,3.29,1,no
4888,WI,116,area_code_408,no,no,0,152.4,101,25.91,191,90,16.24,143,96,6.44,11.1,9,3,0,no
4889,RI,87,area_code_415,no,no,0,139.7,112,23.75,226.8,62,19.28,168.5,65,7.58,15.1,7,4.08,1,no
4890,WV,7,area_code_510,no,no,0,170.2,83,28.93,137.2,123,11.66,188,67,8.46,11.1,7,3,2,no
4892,MN,133,area_code_415,no,no,0,128.9,85,21.91,201.4,93,17.12,275.3,103,12.39,11.1,3,3,1,no
4893,IN,63,area_code_510,no,no,0,6.6,107,1.12,359.3,142,30.54,252.5,131,11.36,5.6,3,1.51,0,no
4894,MD,120,area_code_415,no,no,0,94.3,97,16.03,181.5,91,15.43,176.5,149,7.94,9.6,4,2.59,1,no
4895,UT,39,area_code_415,no,yes,17,230.7,122,39.22,207.1,85,17.6,208.9,73,9.4,9.2,1,2.48,3,no
4897,OH,108,area_code_415,no,yes,30,126,124,21.42,202.4,84,17.2,186.4,99,8.39,8.6,1,2.32,1,no
4898,NM,155,area_code_415,no,no,0,281.6,103,47.87,152.7,82,12.98,196.8,86,8.86,7.4,3,2,2,no
4900,NE,76,area_code_510,no,no,0,143.3,98,24.36,309.1,101,26.27,207.3,122,9.33,11.4,3,3.08,2,no
4901,NE,95,area_code_510,no,no,0,88,81,14.96,145.9,109,12.4,237.7,90,10.7,9.8,2,2.65,2,no
4902,MO,120,area_code_408,no,no,0,121,139,20.57,270.4,121,22.98,141,90,6.35,5.3,8,1.43,1,no
4903,UT,51,area_code_408,no,yes,0,212.9,80,36.19,236.1,57,20.07,187.6,99,8.44,8.8,4,2.38,2,no
4904,VT,61,area_code_415,no,no,0,217.5,116,36.98,258.5,108,21.97,210.4,99,9.47,8.7,3,2.35,1,no
4905,MN,17,area_code_415,no,no,0,138.1,115,23.48,196.5,55,16.7,213.9,100,9.63,11.7,4,3.16,1,no
4906,AZ,98,area_code_408,no,yes,40,212.1,90,36.06,233.9,110,19.88,234,84,10.53,7.1,4,1.92,0,no
4907,ND,181,area_code_510,no,yes,16,196,85,33.32,107.1,119,9.1,205.9,110,9.27,9.7,1,2.62,1,no
4908,RI,114,area_code_415,no,yes,23,186.2,95,31.65,258.3,129,21.96,183.9,93,8.28,7.8,6,2.11,0,no
4909,OH,111,area_code_408,yes,no,0,145.8,106,24.79,172.5,143,14.66,143.9,123,6.48,11.9,4,3.21,1,no
4910,IN,160,area_code_510,no,yes,33,137,100,23.29,203.5,82,17.3,218.7,64,9.84,5.8,4,1.57,2,no
4911,NV,58,area_code_408,no,no,0,191.3,120,32.52,216.4,124,18.39,100.3,132,4.51,8.6,9,2.32,3,no
4912,PA,71,area_code_415,no,no,0,232.7,97,39.56,208.2,85,17.7,194.3,113,8.74,10.2,7,2.75,1,no
4913,MN,89,area_code_510,no,no,0,86,105,14.62,215.5,102,18.32,185.7,83,8.36,8.2,3,2.21,3,no
4914,AR,71,area_code_408,no,yes,24,139.8,58,23.77,253.8,110,21.57,252.8,113,11.38,11.1,6,3,1,no
4916,OR,1,area_code_415,no,no,0,195,81,33.15,266.2,123,22.63,213.9,132,9.63,11.1,6,3,0,no
4917,IA,50,area_code_510,no,no,0,202,106,34.34,174.7,70,14.85,152.9,92,6.88,6,6,1.62,4,no
4921,HI,155,area_code_408,no,no,0,214.2,121,36.41,199.5,68,16.96,216.8,132,9.76,11.7,10,3.16,3,no
4923,MN,102,area_code_415,no,yes,32,135.7,108,23.07,216.5,134,18.4,160.5,125,7.22,13,7,3.51,1,no
4924,AR,97,area_code_415,no,yes,35,203.1,104,34.53,211.8,91,18,246.1,105,11.07,9.7,6,2.62,0,no
4926,MT,109,area_code_415,no,no,0,136.2,103,23.15,177.8,132,15.11,263.4,135,11.85,8.3,3,2.24,1,no
4927,IL,52,area_code_510,no,no,0,207.1,86,35.21,162,98,13.77,243,102,10.93,6,1,1.62,1,no
4928,OK,122,area_code_408,no,no,0,189.9,87,32.28,193.9,118,16.48,177.4,114,7.98,15.6,2,4.21,0,no
4929,PA,121,area_code_408,no,no,0,245.9,113,41.8,210.8,94,17.92,187.9,108,8.46,10.4,8,2.81,1,no
4930,VA,66,area_code_415,no,no,0,145.6,105,24.75,250.9,82,21.33,156.6,102,7.05,12.2,7,3.29,1,no
4931,WV,82,area_code_510,no,no,0,202.9,96,34.49,234.2,105,19.91,217.4,123,9.78,10.1,3,2.73,4,no
4932,TX,129,area_code_415,no,yes,23,210.7,119,35.82,137.4,51,11.68,248.2,92,11.17,7.9,6,2.13,2,no
4933,NC,93,area_code_510,no,no,0,217.2,92,36.92,204.5,83,17.38,157.9,101,7.11,11.4,10,3.08,1,no
4934,NH,41,area_code_408,no,yes,43,158.9,96,27.01,280.4,117,23.83,216.5,97,9.74,10.8,4,2.92,2,no
4935,MN,120,area_code_415,no,no,0,198,101,33.66,190.2,74,16.17,241.2,105,10.85,8.3,10,2.24,4,no
4936,VA,149,area_code_408,no,yes,28,212.8,117,36.18,159.9,86,13.59,222.7,88,10.02,0,0,0,1,no
4937,WV,102,area_code_510,no,no,0,145.8,59,24.79,223.1,109,18.96,219.2,104,9.86,9.8,3,2.65,0,no
4939,AL,80,area_code_415,no,no,0,209.9,109,35.68,226.1,56,19.22,154.2,121,6.94,9,5,2.43,1,no
4941,ME,89,area_code_415,no,no,0,242.5,71,41.23,213.3,109,18.13,231,84,10.4,6.3,3,1.7,3,no
4942,AL,57,area_code_415,no,no,0,190.1,114,32.32,274.5,96,23.33,132.5,122,5.96,9.2,5,2.48,3,no
4943,OH,145,area_code_408,no,no,0,185.9,106,31.6,209.7,112,17.82,224.7,87,10.11,9.3,4,2.51,2,no
4945,AR,73,area_code_415,no,no,0,184.7,109,31.4,161.3,108,13.71,148.8,103,6.7,11.3,4,3.05,2,no
4946,ID,57,area_code_415,no,no,0,217.1,115,36.91,258.6,92,21.98,173.7,117,7.82,12.6,6,3.4,2,no
4947,CA,175,area_code_510,no,no,0,161.2,121,27.4,136.7,109,11.62,103.3,63,4.65,9.6,9,2.59,1,no
4948,OK,50,area_code_408,no,no,0,198.7,114,33.78,141.5,90,12.03,293,79,13.18,10.5,5,2.84,4,no
4950,MO,154,area_code_415,no,no,0,162,87,27.54,199.5,147,16.96,243,66,10.93,1.1,5,0.3,1,no
4951,RI,152,area_code_415,no,no,0,189.5,108,32.22,218.4,69,18.56,291.1,81,13.1,11,2,2.97,3,no
4952,NM,102,area_code_510,no,yes,18,144.4,76,24.55,160.7,97,13.66,200.8,101,9.04,9.3,4,2.51,0,no
4953,ID,110,area_code_415,no,no,0,170.1,87,28.92,216.6,98,18.41,225,88,10.13,10.8,3,2.92,2,no
4955,GA,130,area_code_415,no,no,0,119.4,99,20.3,226.3,97,19.24,202.7,111,9.12,11.3,7,3.05,0,no
4956,DC,88,area_code_408,no,no,0,204.8,100,34.82,193.9,98,16.48,190.9,62,8.59,2,11,0.54,1,no
4957,ND,97,area_code_415,no,no,0,197.8,122,33.63,208.2,147,17.7,106.3,115,4.78,15.1,4,4.08,1,no
4958,TX,115,area_code_415,no,no,0,211.1,112,35.89,227.8,113,19.36,179.6,110,8.08,7.2,2,1.94,0,no
4959,WA,88,area_code_510,no,no,0,202.6,139,34.44,210.7,123,17.91,81.1,86,3.65,9.8,8,2.65,1,no
4961,DC,128,area_code_510,no,yes,41,184.8,76,31.42,160.6,86,13.65,162,131,7.29,9.8,6,2.65,2,no
4962,OK,71,area_code_415,no,no,0,123.8,130,21.05,226.5,91,19.25,213.9,96,9.63,8.8,7,2.38,2,no
4963,WY,91,area_code_415,no,no,0,34.5,85,5.87,192.3,80,16.35,256.3,71,11.53,7.9,7,2.13,0,no
4964,MD,47,area_code_415,yes,yes,31,140.6,114,23.9,264.6,44,22.49,238.7,121,10.74,9.7,4,2.62,2,no
4965,MO,126,area_code_510,no,no,0,150.8,105,25.64,157.1,85,13.35,210,102,9.45,10.7,3,2.89,0,no
4966,NC,92,area_code_408,no,no,0,192.1,87,32.66,193,122,16.41,133.4,79,6,10.7,2,2.89,1,no
4967,WV,36,area_code_510,no,no,0,175.7,69,29.87,154.8,98,13.16,208.2,68,9.37,9.5,2,2.57,0,no
4968,GA,122,area_code_408,no,no,0,93.3,109,15.86,214.4,104,18.22,176.7,104,7.95,12.1,2,3.27,0,no
4969,OK,117,area_code_415,no,no,0,212.1,133,36.06,276.6,94,23.51,195.5,124,8.8,9.5,3,2.57,2,no
4970,FL,131,area_code_408,no,no,0,43.3,118,7.36,178.5,113,15.17,185.9,120,8.37,10.6,4,2.86,0,no
4971,MD,133,area_code_415,no,no,0,173.1,126,29.43,200,98,17,231,103,10.4,10.8,1,2.92,1,no
4972,HI,128,area_code_510,no,yes,28,115.4,96,19.62,185.4,94,15.76,209.3,69,9.42,17.7,4,4.78,0,no
4973,FL,81,area_code_408,no,no,0,190.9,92,32.45,208.7,132,17.74,120.8,98,5.44,11.4,6,3.08,1,no
4974,ND,81,area_code_415,no,no,0,234.1,105,39.8,237.4,88,20.18,240.6,85,10.83,11.4,4,3.08,1,no
4975,LA,96,area_code_408,no,no,0,102.1,74,17.36,93.7,88,7.96,236.2,125,10.63,14,2,3.78,1,no
4976,AR,93,area_code_415,no,no,0,131.9,91,22.42,203.8,92,17.32,205.6,121,9.25,6.8,3,1.84,1,no
4977,KY,145,area_code_408,no,no,0,135,122,22.95,206.3,88,17.54,210.4,90,9.47,19.7,4,5.32,0,no
4978,HI,53,area_code_510,yes,no,0,145,80,24.65,228.4,82,19.41,169.4,109,7.62,8.9,5,2.4,0,no
4979,KS,108,area_code_408,no,no,0,170.3,48,28.95,187.7,146,15.95,204,84,9.18,16.1,4,4.35,3,no
4980,TX,52,area_code_415,no,no,0,188.7,99,32.08,210.4,89,17.88,191.4,103,8.61,10.8,2,2.92,1,no
4982,NC,61,area_code_510,no,no,0,7.2,97,1.22,221.8,78,18.85,174.5,94,7.85,12,4,3.24,1,no
4983,TX,86,area_code_408,no,no,0,181.1,124,30.79,229.5,105,19.51,122.2,91,5.5,5.6,6,1.51,5,no
4984,LA,137,area_code_408,no,no,0,151.8,90,25.81,229.6,68,19.52,171.8,122,7.73,10.8,5,2.92,2,no
4985,TN,74,area_code_510,no,no,0,159.4,86,27.1,210,122,17.85,172.4,99,7.76,8.5,2,2.3,1,no
4986,NC,118,area_code_510,no,yes,31,226.6,99,38.52,164.9,136,14.02,189.3,120,8.52,10.2,5,2.75,3,no
4987,OH,125,area_code_415,no,no,0,214.7,115,36.5,260.6,94,22.15,266.3,123,11.98,7.4,6,2,3,no
4988,AR,127,area_code_415,no,yes,27,157.6,107,26.79,280.6,49,23.85,75.1,77,3.38,8,4,2.16,1,no
4989,WA,80,area_code_510,no,no,0,157,101,26.69,208.8,127,17.75,113.3,109,5.1,16.2,2,4.37,2,no
4990,MN,150,area_code_408,no,no,0,170,115,28.9,162.7,138,13.83,267.2,77,12.02,8.3,2,2.24,0,no
4993,MT,83,area_code_415,no,no,0,188.3,70,32.01,243.8,88,20.72,213.7,79,9.62,10.3,6,2.78,0,no
4994,WV,73,area_code_408,no,no,0,177.9,89,30.24,131.2,82,11.15,186.2,89,8.38,11.5,6,3.11,3,no
4995,NC,75,area_code_408,no,no,0,170.7,101,29.02,193.1,126,16.41,129.1,104,5.81,6.9,7,1.86,1,no
4996,HI,50,area_code_408,no,yes,40,235.7,127,40.07,223,126,18.96,297.5,116,13.39,9.9,5,2.67,2,no
4998,DC,61,area_code_415,no,no,0,140.6,89,23.9,172.8,128,14.69,212.4,97,9.56,13.6,4,3.67,1,no
4999,DC,109,area_code_510,no,no,0,188.8,67,32.1,171.7,92,14.59,224.4,89,10.1,8.5,6,2.3,0,no
5000,VT,86,area_code_415,no,yes,34,129.4,102,22,267.1,104,22.7,154.8,100,6.97,9.3,16,2.51,0,no
11,IN,65,area_code_415,no,no,0,129.1,137,21.95,228.5,83,19.42,208.8,111,9.4,12.7,6,3.43,4,yes
16,NY,161,area_code_415,no,no,0,332.9,67,56.59,317.8,97,27.01,160.6,128,7.23,5.4,9,1.46,4,yes
22,CO,77,area_code_408,no,no,0,62.4,89,10.61,169.9,121,14.44,209.6,64,9.43,5.7,6,1.54,5,yes
34,AZ,12,area_code_408,no,no,0,249.6,118,42.43,252.4,119,21.45,280.2,90,12.61,11.8,3,3.19,1,yes
42,MD,135,area_code_408,yes,yes,41,173.1,85,29.43,203.9,107,17.33,122.2,78,5.5,14.6,15,3.94,0,yes
49,ID,119,area_code_415,no,no,0,159.1,114,27.05,231.3,117,19.66,143.2,91,6.44,8.8,3,2.38,5,yes
55,WY,87,area_code_415,no,no,0,151,83,25.67,219.7,116,18.67,203.9,127,9.18,9.7,3,2.62,5,yes
58,CO,121,area_code_408,no,yes,30,198.4,129,33.73,75.3,77,6.4,181.2,77,8.15,5.8,3,1.57,3,yes
70,TX,150,area_code_510,no,no,0,178.9,101,30.41,169.1,110,14.37,148.6,100,6.69,13.8,3,3.73,4,yes
77,DC,82,area_code_415,no,no,0,300.3,109,51.05,181,100,15.39,270.1,73,12.15,11.7,4,3.16,0,yes
78,NY,144,area_code_408,no,no,0,61.6,117,10.47,77.1,85,6.55,173,99,7.79,8.2,7,2.21,4,yes
85,TX,106,area_code_510,no,no,0,210.6,96,35.8,249.2,85,21.18,191.4,88,8.61,12.4,1,3.35,2,yes
87,IN,94,area_code_408,no,no,0,157.9,105,26.84,155,101,13.18,189.6,84,8.53,8,5,2.16,4,yes
90,NJ,128,area_code_415,no,no,0,237.9,125,40.44,247.6,93,21.05,208.9,68,9.4,13.9,4,3.75,1,yes
92,LA,155,area_code_415,no,no,0,203.4,100,34.58,190.9,104,16.23,196,119,8.82,8.9,4,2.4,0,yes
99,MS,120,area_code_408,no,no,0,212.1,131,36.06,209.4,104,17.8,167.2,96,7.52,5.3,5,1.43,1,yes
100,ID,77,area_code_415,no,no,0,251.8,72,42.81,205.7,126,17.48,275.2,109,12.38,9.8,7,2.65,2,yes
116,ME,36,area_code_510,yes,yes,42,196.8,89,33.46,254.9,122,21.67,138.3,126,6.22,20,6,5.4,0,yes
118,NV,74,area_code_415,no,no,0,282.5,114,48.03,219.9,48,18.69,170,115,7.65,9.4,4,2.54,1,yes
127,MS,162,area_code_415,no,no,0,70.7,108,12.02,157.5,87,13.39,154.8,82,6.97,9.1,3,2.46,4,yes
128,MS,61,area_code_510,no,yes,27,187.5,124,31.88,146.6,103,12.46,225.7,129,10.16,6.4,6,1.73,4,yes
145,VT,117,area_code_408,yes,no,0,167.1,86,28.41,177.5,87,15.09,249.4,132,11.22,14.1,7,3.81,2,yes
157,OH,83,area_code_415,no,no,0,337.4,120,57.36,227.4,116,19.33,153.9,114,6.93,15.8,7,4.27,0,yes
182,AK,126,area_code_415,no,no,0,58.2,94,9.89,138.7,118,11.79,136.8,91,6.16,11.9,1,3.21,5,yes
198,TX,208,area_code_510,no,no,0,326.5,67,55.51,176.3,113,14.99,181.7,102,8.18,10.7,6,2.89,2,yes
199,ME,131,area_code_510,yes,yes,26,292.9,101,49.79,199.7,97,16.97,255.3,127,11.49,13.8,7,3.73,4,yes
215,FL,70,area_code_510,yes,no,0,226.7,98,38.54,228.1,115,19.39,73.2,93,3.29,17.6,4,4.75,2,yes
219,MD,136,area_code_415,no,no,0,250.2,121,42.53,267.1,118,22.7,151,114,6.8,13,2,3.51,1,yes
231,MD,93,area_code_408,yes,no,0,312,109,53.04,129.4,100,11,217.6,74,9.79,10.5,2,2.84,0,yes
236,MN,139,area_code_510,no,no,0,134.4,106,22.85,211.3,98,17.96,193.6,125,8.71,10.2,2,2.75,5,yes
242,NV,137,area_code_415,yes,no,0,135.1,95,22.97,134.1,102,11.4,223.1,81,10.04,12.3,2,3.32,2,yes
245,VA,108,area_code_408,no,no,0,198.5,99,33.75,267.8,60,22.76,354.9,75,15.97,9.4,3,2.54,0,yes
251,OR,33,area_code_415,no,yes,29,157.4,99,26.76,117.9,80,10.02,279.2,79,12.56,13.9,11,3.75,4,yes
259,KS,92,area_code_408,yes,no,0,62.6,111,10.64,180.6,126,15.35,221.7,80,9.98,10.4,2,2.81,1,yes
278,SD,144,area_code_408,no,yes,48,189.8,96,32.27,123.4,67,10.49,214.2,106,9.64,6.5,2,1.76,2,yes
290,OK,89,area_code_510,no,no,0,303.9,95,51.66,260.9,114,22.18,312.1,89,14.04,5.3,3,1.43,1,yes
294,CT,96,area_code_415,no,yes,37,172.7,93,29.36,120.1,116,10.21,216.1,86,9.72,10.3,5,2.78,5,yes
302,FL,127,area_code_415,no,no,0,266.6,106,45.32,264.8,168,22.51,207.2,119,9.32,5.9,2,1.59,1,yes
303,RI,121,area_code_408,no,no,0,170.4,108,28.97,350.5,68,29.79,297,87,13.37,11.2,3,3.02,0,yes
307,VT,113,area_code_415,no,no,0,272.1,111,46.26,268.5,118,22.82,213.8,105,9.62,8.5,10,2.3,1,yes
308,IN,122,area_code_408,no,no,0,296.4,99,50.39,214.8,89,18.26,133.9,107,6.03,11.4,3,3.08,4,yes
311,MN,62,area_code_415,no,no,0,248.7,109,42.28,220,118,18.7,265.7,78,11.96,13.2,2,3.56,1,yes
320,SD,128,area_code_510,yes,yes,32,223.5,81,38,188.8,74,16.05,154.9,101,6.97,9.4,2,2.54,2,yes
332,MT,54,area_code_415,no,no,0,272.6,83,46.34,248.7,74,21.14,197.4,111,8.88,9.5,2,2.57,1,yes
333,AL,86,area_code_415,no,no,0,128.3,121,21.81,197.1,93,16.75,138.4,152,6.23,12.2,5,3.29,7,yes
341,GA,89,area_code_415,no,no,0,213,63,36.21,176.6,71,15.01,262.6,126,11.82,9.1,1,2.46,1,yes
350,FL,100,area_code_510,no,no,0,107,63,18.19,105.7,67,8.98,243.1,74,10.94,12.8,3,3.46,4,yes
355,MS,64,area_code_408,yes,no,0,236.2,77,40.15,218.6,85,18.58,194.1,97,8.73,13.2,2,3.56,2,yes
361,CO,159,area_code_408,yes,no,0,257.1,53,43.71,312.2,127,26.54,183,82,8.24,8.8,6,2.38,1,yes
366,CO,154,area_code_415,no,no,0,350.8,75,59.64,216.5,94,18.4,253.9,100,11.43,10.1,9,2.73,1,yes
373,CA,151,area_code_415,yes,no,0,218,57,37.06,114.4,88,9.72,269.2,95,12.11,12.4,1,3.35,0,yes
379,MO,95,area_code_415,yes,no,0,165.5,84,28.14,286.2,112,24.33,198.9,89,8.95,11.5,2,3.11,1,yes
395,WI,16,area_code_510,no,no,0,229.6,78,39.03,205.7,108,17.48,166.2,91,7.48,10.8,2,2.92,0,yes
398,OR,94,area_code_415,no,no,0,234.4,103,39.85,279.3,109,23.74,234.2,121,10.54,2,2,0.54,1,yes
400,DC,66,area_code_415,no,no,0,167.3,91,28.44,230,68,19.55,191.7,118,8.63,10.6,5,2.86,1,yes
408,DE,122,area_code_510,no,no,0,157.1,134,26.71,184.9,122,15.72,197.2,59,8.87,8.5,5,2.3,4,yes
416,DE,113,area_code_415,no,no,0,239.7,47,40.75,282.9,110,24.05,238.4,88,10.73,8.7,3,2.35,2,yes
417,DE,224,area_code_510,yes,no,0,171.5,99,29.16,160,103,13.6,212.4,102,9.56,5,2,1.35,1,yes
431,KS,46,area_code_510,no,no,0,250.3,100,42.55,260.6,90,22.15,195,104,8.78,13.3,2,3.59,2,yes
438,OH,100,area_code_510,no,no,0,278,76,47.26,176.7,74,15.02,219.5,126,9.88,8.3,4,2.24,0,yes
455,OH,97,area_code_408,no,no,0,256.4,125,43.59,273.9,100,23.28,222.7,101,10.02,11.1,1,3,1,yes
456,MA,88,area_code_415,no,no,0,264.8,124,45.02,245.4,112,20.86,160.5,115,7.22,14.8,2,4,1,yes
466,NV,71,area_code_415,yes,no,0,178.2,113,30.29,167.8,94,14.26,182.1,111,8.19,13.6,3,3.67,3,yes
467,FL,132,area_code_510,no,yes,36,226.2,103,38.45,181.6,125,15.44,258.8,102,11.65,10.5,5,2.84,3,yes
474,WV,72,area_code_510,no,yes,33,96.6,59,16.42,315.4,98,26.81,163.3,117,7.35,6.2,4,1.67,4,yes
492,AL,55,area_code_415,yes,no,0,191.9,91,32.62,256.1,110,21.77,203.7,101,9.17,14.3,6,3.86,1,yes
493,ME,92,area_code_415,yes,no,0,130.7,113,22.22,260.6,122,22.15,244.2,98,10.99,9.4,2,2.54,2,yes
499,ME,75,area_code_408,yes,no,0,211.3,61,35.92,105.6,119,8.98,175.9,63,7.92,9.7,4,2.62,4,yes
503,MI,93,area_code_415,yes,no,0,216.9,61,36.87,207.4,120,17.63,221.7,110,9.98,17.5,5,4.73,1,yes
508,MO,92,area_code_415,no,no,0,154,122,26.18,329.8,88,28.03,288,117,12.96,5.6,2,1.51,3,yes
510,MS,118,area_code_415,no,yes,26,170.8,114,29.04,199.5,125,16.96,169.7,98,7.64,9.6,5,2.59,5,yes
515,AL,60,area_code_408,yes,yes,29,265.9,113,45.2,215.8,94,18.34,108.1,82,4.86,14,12,3.78,0,yes
522,SC,88,area_code_510,no,no,0,73.3,86,12.46,161.4,82,13.72,239.6,76,10.78,8.2,3,2.21,4,yes
543,MN,152,area_code_415,yes,yes,20,237.5,120,40.38,253.4,94,21.54,265.2,80,11.93,14.2,3,3.83,9,yes
547,WI,69,area_code_510,yes,no,0,279.8,90,47.57,248.7,91,21.14,171,118,7.69,8.4,10,2.27,2,yes
548,VT,95,area_code_510,yes,yes,41,136.8,91,23.26,200.8,61,17.07,133.7,67,6.02,10.3,9,2.78,5,yes
551,AK,111,area_code_415,no,no,0,172.8,58,29.38,183.1,108,15.56,158.8,104,7.15,7.9,3,2.13,4,yes
553,GA,44,area_code_510,no,no,0,288.1,112,48.98,258,92,21.93,192.4,90,8.66,10.2,4,2.75,3,yes
559,MT,74,area_code_408,no,no,0,174.1,96,29.6,251.1,94,21.34,257.6,123,11.59,8.3,5,2.24,2,yes
570,NC,133,area_code_408,yes,yes,32,221.1,137,37.59,264.9,99,22.52,168.9,108,7.6,15.4,4,4.16,2,yes
575,WV,44,area_code_510,no,no,0,228.1,121,38.78,276.5,79,23.5,279.8,77,12.59,9.9,5,2.67,2,yes
581,IN,113,area_code_415,no,no,0,209.4,151,35.6,347.3,113,29.52,246,116,11.07,7.4,2,2,1,yes
585,SD,104,area_code_510,no,no,0,234.2,128,39.81,293.1,92,24.91,183.9,79,8.28,9.8,6,2.65,0,yes
589,OK,101,area_code_408,no,no,0,89.7,118,15.25,260.1,79,22.11,170.1,93,7.65,13.5,11,3.65,5,yes
602,MA,62,area_code_415,yes,no,0,159.7,86,27.15,197.5,76,16.79,121.6,105,5.47,13.9,6,3.75,0,yes
606,MO,112,area_code_415,no,no,0,335.5,77,57.04,212.5,109,18.06,265,132,11.93,12.7,8,3.43,2,yes
614,NV,105,area_code_415,yes,yes,29,220.7,82,37.52,217.7,110,18.5,190.5,100,8.57,13.2,6,3.56,1,yes
620,KS,110,area_code_415,yes,no,0,293.3,79,49.86,188.5,90,16.02,266.9,91,12.01,14.5,4,3.92,0,yes
627,NJ,95,area_code_408,yes,yes,37,220.2,109,37.43,185.3,99,15.75,205.1,82,9.23,4.1,2,1.11,0,yes
630,GA,76,area_code_415,no,no,0,299.5,125,50.92,226.7,92,19.27,210.7,134,9.48,13.7,4,3.7,0,yes
650,MO,79,area_code_408,no,no,0,261.7,97,44.49,210.6,48,17.9,256.7,83,11.55,6,3,1.62,3,yes
656,CA,79,area_code_510,no,no,0,157.6,85,26.79,194.1,92,16.5,231.5,86,10.42,9.4,10,2.54,5,yes
661,MT,109,area_code_408,no,no,0,264.7,69,45,305,120,25.93,197.4,86,8.88,9.5,9,2.57,1,yes
680,TX,75,area_code_415,yes,no,0,222.4,78,37.81,327,111,27.8,208,104,9.36,8.7,9,2.35,1,yes
716,WV,115,area_code_510,yes,no,0,249.9,95,42.48,242.5,104,20.61,151.7,121,6.83,15.3,6,4.13,1,yes
722,UT,103,area_code_510,no,yes,36,87.2,92,14.82,169.3,110,14.39,166.7,80,7.5,10.9,5,2.94,6,yes
731,WY,94,area_code_510,no,no,0,271.2,105,46.1,202.6,105,17.22,221.6,51,9.97,11.5,3,3.11,3,yes
737,UT,68,area_code_415,no,no,0,162.1,86,27.56,155,86,13.18,189.7,87,8.54,11,9,2.97,5,yes
738,KY,91,area_code_415,yes,no,0,145,89,24.65,175.8,102,14.94,223.7,151,10.07,16.7,3,4.51,2,yes
767,PA,122,area_code_415,yes,no,0,230.9,132,39.25,243.2,99,20.67,182.4,57,8.21,11,2,2.97,0,yes
772,WI,149,area_code_415,yes,yes,28,126.9,97,21.57,166.9,102,14.19,145.2,77,6.53,8.8,3,2.38,5,yes
774,MA,127,area_code_408,yes,no,0,176.9,110,30.07,167.9,100,14.27,182.2,138,8.2,7.7,2,2.08,1,yes
788,NJ,24,area_code_408,no,no,0,265.6,86,45.15,208.8,102,17.75,182.5,105,8.21,11.1,6,3,2,yes
793,NV,69,area_code_510,yes,yes,33,271.5,98,46.16,253.4,102,21.54,165.4,85,7.44,8.2,2,2.21,1,yes
798,VA,68,area_code_408,yes,no,0,148.5,126,25.25,219.4,125,18.65,198.5,121,8.93,14.5,7,3.92,1,yes
816,KY,75,area_code_415,no,no,0,314.6,102,53.48,169.8,86,14.43,285.1,100,12.83,5.7,3,1.54,2,yes
831,CO,121,area_code_408,yes,no,0,167.7,94,28.51,93.7,121,7.96,241.3,115,10.86,13.4,1,3.62,3,yes
833,SC,87,area_code_408,no,no,0,322.5,106,54.83,204.6,93,17.39,186.2,128,8.38,9.4,4,2.54,2,yes
847,NE,96,area_code_415,no,no,0,180.6,92,30.7,190.9,114,16.23,295.6,125,13.3,10.3,4,2.78,1,yes
852,MA,136,area_code_408,yes,no,0,199.6,89,33.93,211.4,96,17.97,72.4,84,3.26,11,4,2.97,3,yes
860,AL,93,area_code_408,no,no,0,267.9,114,45.54,223,74,18.96,262.7,90,11.82,11.3,3,3.05,3,yes
872,MA,98,area_code_510,no,no,0,271.4,119,46.14,190.4,102,16.18,284.7,118,12.81,11.1,6,3,4,yes
893,LA,109,area_code_415,no,yes,27,166.9,85,28.37,221.2,92,18.8,197.3,97,8.88,12.3,4,3.32,1,yes
895,ME,97,area_code_510,no,no,0,120.8,96,20.54,169.8,101,14.43,194.1,63,8.73,11.9,3,3.21,4,yes
902,CT,23,area_code_510,no,no,0,321.6,107,54.67,251.6,115,21.39,141.1,158,6.35,11.3,3,3.05,2,yes
905,MD,61,area_code_415,no,no,0,260,123,44.2,210.5,127,17.89,234.7,70,10.56,9,3,2.43,1,yes
906,WV,161,area_code_415,no,no,0,191.9,113,32.62,70.9,87,6.03,204.8,107,9.22,13.4,4,3.62,4,yes
912,AR,118,area_code_415,no,no,0,267.8,145,45.53,316.4,121,26.89,208.6,91,9.39,14.4,11,3.89,5,yes
915,MO,179,area_code_510,no,no,0,287.3,123,48.84,288,114,24.48,266,112,11.97,10.5,4,2.84,0,yes
934,KY,74,area_code_510,yes,no,0,125.8,103,21.39,207.7,96,17.65,207.4,143,9.33,14.1,4,3.81,1,yes
945,NV,81,area_code_415,no,yes,28,167.9,147,28.54,190.7,105,16.21,193,103,8.69,9.2,6,2.48,4,yes
947,NJ,46,area_code_408,no,no,0,257.4,67,43.76,261.1,91,22.19,204.4,107,9.2,13.4,5,3.62,2,yes
967,NJ,48,area_code_510,no,yes,22,152,63,25.84,258.8,131,22,263.2,109,11.84,15.7,5,4.24,2,yes
969,NM,122,area_code_408,no,yes,33,174.9,103,29.73,248.2,105,21.1,164.6,116,7.41,13.5,3,3.65,1,yes
976,DE,129,area_code_510,no,no,0,334.3,118,56.83,192.1,104,16.33,191,83,8.59,10.4,6,2.81,0,yes
978,GA,93,area_code_408,no,yes,21,134.2,105,22.81,162.5,128,13.81,186.6,90,8.4,11.8,2,3.19,4,yes
979,VT,63,area_code_415,no,no,0,278,102,47.26,266.4,114,22.64,224.1,118,10.08,13.1,4,3.54,4,yes
986,NY,64,area_code_415,yes,no,0,346.8,55,58.96,249.5,79,21.21,275.4,102,12.39,13.3,9,3.59,1,yes
988,KS,110,area_code_415,yes,yes,27,267.9,103,45.54,263.3,74,22.38,178.1,106,8.01,8.3,2,2.24,1,yes
1001,MI,133,area_code_408,no,no,0,277.3,138,47.14,228.4,117,19.41,117.3,103,5.28,12.8,4,3.46,2,yes
1019,WY,76,area_code_415,no,no,0,263.4,148,44.78,230.3,69,19.58,170.6,101,7.68,11.4,5,3.08,1,yes
1028,UT,161,area_code_510,yes,no,0,194.2,106,33.01,249.4,105,21.2,254.9,129,11.47,12.9,1,3.48,1,yes
1031,VA,99,area_code_415,no,yes,42,216,125,36.72,232.3,104,19.75,215.5,100,9.7,9.3,4,2.51,2,yes
1039,CA,112,area_code_415,no,no,0,111.9,92,19.02,114,143,9.69,146.8,79,6.61,14.1,3,3.81,5,yes
1078,NY,108,area_code_415,no,no,0,154.2,123,26.21,112.3,86,9.55,246.4,75,11.09,15.4,4,4.16,4,yes
1079,ME,80,area_code_408,no,no,0,322.3,113,54.79,222,95,18.87,162.8,123,7.33,6.7,8,1.81,0,yes
1103,NJ,111,area_code_510,no,no,0,176.9,128,30.07,102.8,56,8.74,213.7,84,9.62,10.5,2,2.84,4,yes
1106,NJ,135,area_code_510,no,yes,28,201.4,100,34.24,246.5,117,20.95,154.8,131,6.97,12.9,4,3.48,2,yes
1116,OH,98,area_code_408,no,no,0,165,129,28.05,202.6,113,17.22,172.3,94,7.75,12.5,7,3.38,1,yes
1122,MI,91,area_code_415,no,no,0,154.4,165,26.25,168.3,121,14.31,239.9,81,10.8,11.7,4,3.16,5,yes
1123,NE,159,area_code_415,no,no,0,189.1,105,32.15,246.1,147,20.92,242,106,10.89,10.4,5,2.81,1,yes
1134,NV,64,area_code_408,no,no,0,148.1,73,25.18,164.9,101,14.02,216,125,9.72,12.3,2,3.32,5,yes
1137,WY,106,area_code_415,yes,yes,26,270.3,111,45.95,215.2,90,18.29,254,133,11.43,14.4,7,3.89,1,yes
1143,UT,105,area_code_415,no,no,0,106.4,71,18.09,240.1,83,20.41,147.7,114,6.65,5.3,4,1.43,6,yes
1151,GA,132,area_code_415,no,no,0,193.3,106,32.86,128.3,94,10.91,162.1,119,7.29,11.6,4,3.13,5,yes
1156,KS,167,area_code_415,no,no,0,131.6,120,22.37,211.3,96,17.96,168.3,97,7.57,11.1,4,3,4,yes
1183,MD,172,area_code_408,no,no,0,287.1,108,48.81,178.4,125,15.16,153.2,98,6.89,14.4,2,3.89,3,yes
1193,MD,88,area_code_415,yes,no,0,235.1,98,39.97,251.8,79,21.4,285.9,76,12.87,7.2,2,1.94,4,yes
1194,NM,119,area_code_415,yes,yes,15,160,95,27.2,209.5,110,17.81,82.3,107,3.7,8.7,5,2.35,5,yes
1205,IL,78,area_code_415,yes,no,0,236.8,141,40.26,265.3,101,22.55,152.4,77,6.86,9.5,2,2.57,1,yes
1232,CO,105,area_code_408,no,no,0,270.9,98,46.05,226.2,110,19.23,178.8,60,8.05,8.8,5,2.38,0,yes
1233,KS,24,area_code_510,no,no,0,243,91,41.31,183.9,77,15.63,184.3,109,8.29,15.3,6,4.13,0,yes
1241,TN,108,area_code_510,no,yes,34,162.1,83,27.56,171.8,117,14.6,259.8,76,11.69,9.6,3,2.59,4,yes
1255,MN,62,area_code_510,no,yes,33,186.4,84,31.69,201,136,17.09,286.7,103,12.9,11.1,3,3,2,yes
1264,MA,40,area_code_408,no,yes,31,224.7,69,38.2,134.5,81,11.43,120.3,104,5.41,7.5,5,2.03,1,yes
1270,FL,55,area_code_510,no,yes,45,130.5,114,22.19,208.4,94,17.71,141.6,114,6.37,11,5,2.97,4,yes
1274,MT,28,area_code_415,no,no,0,121.7,48,20.69,125.8,112,10.69,261.6,122,11.77,8.3,2,2.24,6,yes
1277,MI,51,area_code_415,no,no,0,229.7,129,39.05,336,104,28.56,192.8,128,8.68,9.6,1,2.59,1,yes
1279,NY,163,area_code_408,no,no,0,247.7,77,42.11,269.5,108,22.91,167.3,82,7.53,9.6,7,2.59,0,yes
1281,NC,58,area_code_510,no,no,0,112.2,95,19.07,209.6,108,17.82,260.9,78,11.74,13.9,1,3.75,0,yes
1285,OR,135,area_code_415,no,no,0,263.8,66,44.85,251.3,116,21.36,200.1,112,9,8.4,2,2.27,5,yes
1300,UT,49,area_code_415,no,no,0,266.3,90,45.27,207.8,117,17.66,205,98,9.23,14,2,3.78,2,yes
1303,WA,171,area_code_408,no,no,0,270.5,69,45.99,230,112,19.55,136,111,6.12,9.6,5,2.59,1,yes
1307,TX,82,area_code_415,no,no,0,189.2,81,32.16,184.4,117,15.67,255.8,83,11.51,10.6,5,2.86,3,yes
1311,WA,45,area_code_510,no,no,0,78.6,106,13.36,187.3,110,15.92,184.2,111,8.29,7.4,5,2,1,yes
1323,DE,2,area_code_415,yes,no,0,132.1,42,22.46,138.9,88,11.81,192.6,119,8.67,9.1,1,2.46,2,yes
1326,TN,17,area_code_510,no,yes,31,153.1,115,26.03,185.9,59,15.8,224.3,102,10.09,10,1,2.7,6,yes
1328,ID,193,area_code_415,no,no,0,96.8,92,16.46,142.6,103,12.12,210.1,115,9.45,10.9,5,2.94,2,yes
1335,KS,126,area_code_408,no,no,0,321.3,99,54.62,167.9,93,14.27,193.6,106,8.71,8,4,2.16,1,yes
1338,WY,97,area_code_510,yes,no,0,236.9,107,40.27,157.6,105,13.4,241,120,10.85,7.3,2,1.97,0,yes
1340,WA,90,area_code_415,yes,no,0,148.2,96,25.19,220.4,111,18.73,134.2,97,6.04,9.2,1,2.48,4,yes
1345,MA,111,area_code_415,no,no,0,284.4,89,48.35,157,113,13.35,242.8,91,10.93,8.4,8,2.27,0,yes
1346,SD,98,area_code_415,no,no,0,0,0,0,159.6,130,13.57,167.1,88,7.52,6.8,1,1.84,4,yes
1347,PA,106,area_code_408,yes,no,0,133.7,45,22.73,187.8,107,15.96,181.9,89,8.19,10.7,2,2.89,1,yes
1351,WA,55,area_code_408,no,no,0,285.7,124,48.57,230.9,106,19.63,230.7,140,10.38,14.8,7,4,0,yes
1360,VT,73,area_code_415,no,no,0,217.8,91,37.03,220.6,97,18.75,277.3,89,12.48,10.3,6,2.78,1,yes
1365,CT,115,area_code_415,no,no,0,245,97,41.65,250.7,75,21.31,270.2,124,12.16,13.7,8,3.7,1,yes
1374,SC,108,area_code_415,no,no,0,112,105,19.04,193.7,110,16.46,208.9,93,9.4,4.1,4,1.11,4,yes
1377,OH,65,area_code_415,no,no,0,245.7,139,41.77,241.9,113,20.56,285.3,117,12.84,4.2,5,1.13,4,yes
1393,OK,101,area_code_415,no,no,0,269.7,85,45.85,207.6,86,17.65,214.2,107,9.64,4.5,15,1.22,3,yes
1406,MT,125,area_code_510,no,no,0,143.2,80,24.34,88.1,94,7.49,233.2,135,10.49,8.8,7,2.38,4,yes
1408,MS,73,area_code_415,no,yes,31,82.3,105,13.99,256.1,91,21.77,229.6,98,10.33,11.8,2,3.19,6,yes
1421,MI,81,area_code_415,yes,no,0,149.4,68,25.4,171.9,98,14.61,214.5,97,9.65,17.9,3,4.83,3,yes
1436,IL,89,area_code_415,yes,yes,19,112.6,114,19.14,261.7,132,22.24,123.5,116,5.56,11.1,2,3,0,yes
1443,ME,102,area_code_510,no,no,0,195.7,116,33.27,209.1,87,17.77,201.1,73,9.05,8.3,3,2.24,1,yes
1455,UT,133,area_code_408,no,yes,44,174,80,29.58,209.4,113,17.8,224.1,87,10.08,14.1,7,3.81,2,yes
1468,DE,67,area_code_415,yes,yes,35,181.1,59,30.79,215.9,116,18.35,216.3,106,9.73,16.9,4,4.56,0,yes
1473,MD,76,area_code_415,yes,no,0,273.3,66,46.46,263.6,121,22.41,165.2,84,7.43,12,7,3.24,1,yes
1485,AR,107,area_code_415,yes,no,0,133.3,106,22.66,182.9,89,15.55,241.1,123,10.85,12.9,2,3.48,3,yes
1494,MT,126,area_code_415,no,yes,30,153.4,90,26.08,151.4,97,12.87,153.8,97,6.92,12.8,4,3.46,4,yes
1517,UT,68,area_code_415,no,no,0,213.9,112,36.36,260.5,100,22.14,233.8,97,10.52,8.4,3,2.27,1,yes
1529,OH,143,area_code_415,no,no,0,223.3,99,37.96,167.1,128,14.2,203,84,9.14,4.5,4,1.22,0,yes
1531,IA,81,area_code_510,no,no,0,261.4,141,44.44,215.7,102,18.33,271.8,96,12.23,8,6,2.16,1,yes
1532,DE,138,area_code_510,yes,no,0,46.5,104,7.91,186,114,15.81,167.5,95,7.54,9.6,4,2.59,4,yes
1533,CA,103,area_code_415,no,yes,18,149.9,84,25.48,170.9,84,14.53,171.5,112,7.72,11.5,7,3.11,0,yes
1534,WY,127,area_code_510,yes,no,0,242.2,102,41.17,226.1,80,19.22,252,96,11.34,13.9,5,3.75,2,yes
1535,OR,136,area_code_510,no,no,0,259.4,99,44.1,172.7,125,14.68,293.7,78,13.22,10.7,6,2.89,1,yes
1538,ME,118,area_code_408,yes,yes,21,156.5,122,26.61,209.2,125,17.78,158.7,81,7.14,11.1,3,3,4,yes
1539,WV,113,area_code_415,no,no,0,61.2,111,10.4,92.3,88,7.85,197.4,114,8.88,13.7,3,3.7,5,yes
1552,MI,225,area_code_415,no,no,0,165.4,106,28.12,273.7,109,23.26,210,93,9.45,8.7,3,2.35,0,yes
1586,NJ,85,area_code_415,no,no,0,236.9,93,40.27,197.7,113,16.8,309.1,78,13.91,11.4,7,3.08,2,yes
1594,KS,105,area_code_415,yes,no,0,273.9,119,46.56,278.6,103,23.68,255.3,90,11.49,10.9,7,2.94,1,yes
1602,AR,99,area_code_510,yes,no,0,242.3,102,41.19,350.9,102,29.83,163.1,93,7.34,11.3,3,3.05,0,yes
1615,MT,184,area_code_415,no,no,0,236.4,73,40.19,287.3,120,24.42,192,94,8.64,13.8,4,3.73,1,yes
1620,NH,149,area_code_415,no,no,0,119.2,88,20.26,168.3,110,14.31,204.7,119,9.21,12.2,6,3.29,4,yes
1636,AZ,66,area_code_510,no,no,0,154,133,26.18,198.9,121,16.91,151.9,100,6.84,9.5,3,2.57,4,yes
1639,MD,116,area_code_408,no,no,0,159.4,79,27.1,179.5,88,15.26,167.8,71,7.55,9.7,2,2.62,6,yes
1647,MN,173,area_code_510,no,no,0,291.8,143,49.61,214.3,134,18.22,151.2,119,6.8,9.9,2,2.67,0,yes
1652,CT,64,area_code_415,yes,no,0,225.3,134,38.3,108.2,87,9.2,139.6,132,6.28,17.3,9,4.67,1,yes
1654,MD,93,area_code_510,yes,no,0,131.4,78,22.34,219.7,106,18.67,155.7,103,7.01,11.1,2,3,1,yes
1663,AL,197,area_code_415,yes,no,0,127.3,80,21.64,222.3,115,18.9,173.9,95,7.83,13.7,5,3.7,5,yes
1675,NV,76,area_code_510,yes,no,0,241,120,40.97,231.8,96,19.7,220.2,67,9.91,9.9,1,2.67,1,yes
1680,OK,82,area_code_510,no,no,0,329.8,73,56.07,208.3,120,17.71,267.1,102,12.02,10.6,6,2.86,0,yes
1692,OR,95,area_code_415,no,no,0,269,120,45.73,233.7,120,19.86,179.3,61,8.07,7.3,4,1.97,2,yes
1693,PA,79,area_code_415,no,no,0,268.3,114,45.61,185.5,111,15.77,264.6,88,11.91,6.3,7,1.7,1,yes
1695,VT,99,area_code_415,no,no,0,115.5,75,19.64,218.1,111,18.54,254.9,98,11.47,11.5,7,3.11,7,yes
1702,MA,34,area_code_415,no,no,0,293.7,89,49.93,272.5,71,23.16,178.2,76,8.02,11,10,2.97,2,yes
1703,OR,140,area_code_415,no,no,0,120.3,108,20.45,240.4,84,20.43,216.4,74,9.74,7.7,3,2.08,4,yes
1705,FL,144,area_code_510,no,no,0,278.5,95,47.35,240.7,90,20.46,120,90,5.4,11.6,5,3.13,1,yes
1708,WV,50,area_code_408,no,no,0,131.1,129,22.29,160.5,94,13.64,206.9,88,9.31,5.6,9,1.51,5,yes
1714,MO,76,area_code_510,no,no,0,129.7,84,22.05,177.5,80,15.09,228.9,87,10.3,7.5,3,2.03,5,yes
1719,AZ,109,area_code_415,yes,no,0,268.4,85,45.63,150.6,131,12.8,297.9,84,13.41,9.7,8,2.62,2,yes
1732,TX,70,area_code_415,no,no,0,232.8,95,39.58,303.4,111,25.79,255.6,104,11.5,12.9,7,3.48,0,yes
1737,NV,115,area_code_415,no,no,0,286.4,125,48.69,205.7,74,17.48,191.4,141,8.61,6.9,6,1.86,1,yes
1740,NJ,80,area_code_415,no,no,0,268.7,120,45.68,301,147,25.59,167,140,7.52,5.8,1,1.57,2,yes
1747,DC,60,area_code_408,no,no,0,179.3,147,30.48,208.9,89,17.76,248.2,98,11.17,13.5,6,3.65,1,yes
1751,ME,23,area_code_510,no,no,0,113.1,74,19.23,168.8,95,14.35,262.9,126,11.83,6.9,2,1.86,1,yes
1753,NY,181,area_code_415,yes,no,0,161.3,83,27.42,124.4,83,10.57,262,98,11.79,14.1,3,3.81,0,yes
1755,NC,54,area_code_415,yes,no,0,190.5,108,32.39,259.7,108,22.07,141.5,111,6.37,9.7,2,2.62,2,yes
1765,CT,77,area_code_415,no,no,0,245.2,87,41.68,254.1,83,21.6,239.4,91,10.77,7.5,4,2.03,0,yes
1766,NM,111,area_code_415,no,no,0,132.6,125,22.54,221.1,67,18.79,127.9,101,5.76,12.7,2,3.43,4,yes
1769,MN,115,area_code_510,yes,no,0,122,110,20.74,220.2,100,18.72,179.7,124,8.09,10.8,2,2.92,2,yes
1778,OR,149,area_code_415,no,no,0,242.5,83,41.23,245.4,97,20.86,219.6,80,9.88,10,3,2.7,3,yes
1785,DE,51,area_code_415,yes,no,0,153.6,108,26.11,232.9,85,19.8,214.2,92,9.64,14.1,4,3.81,0,yes
1795,NY,54,area_code_415,no,no,0,286.6,73,48.72,223.2,108,18.97,203.7,107,9.17,11.5,5,3.11,1,yes
1805,CT,125,area_code_415,yes,no,0,187.3,118,31.84,160.7,111,13.66,263.8,112,11.87,9.6,2,2.59,0,yes
1838,NH,117,area_code_510,yes,no,0,54.2,100,9.21,303.2,84,25.77,171.8,84,7.73,8.6,2,2.32,1,yes
1843,WA,97,area_code_408,no,no,0,276.1,82,46.94,201.1,106,17.09,231.3,73,10.41,8.9,4,2.4,0,yes
1845,SC,77,area_code_510,no,yes,28,135.9,117,23.1,244.5,102,20.78,207.5,74,9.34,11.5,3,3.11,4,yes
1846,NC,80,area_code_415,yes,no,0,189.1,122,32.15,223.2,92,18.97,269,116,12.11,13.9,3,3.75,2,yes
1850,PA,119,area_code_408,no,no,0,287.1,115,48.81,159.3,99,13.54,216.8,86,9.76,13.9,1,3.75,2,yes
1851,NC,162,area_code_408,no,yes,26,179.7,144,30.55,218.1,129,18.54,212.3,105,9.55,9.3,8,2.51,1,yes
1852,MO,85,area_code_510,no,no,0,165.8,96,28.19,190,141,16.15,144,116,6.48,10.9,3,2.94,5,yes
1858,NM,107,area_code_415,no,no,0,222.3,101,37.79,286,111,24.31,249.4,117,11.22,12.1,4,3.27,1,yes
1862,MA,119,area_code_408,yes,yes,16,147.2,103,25.02,160.1,96,13.61,184,120,8.28,7.7,2,2.08,0,yes
1863,OH,133,area_code_408,yes,no,0,254.7,103,43.3,252.2,80,21.44,178.1,103,8.01,8,3,2.16,0,yes
1866,MI,146,area_code_408,no,no,0,149.3,83,25.38,187.1,130,15.9,149.8,100,6.74,7.9,4,2.13,7,yes
1867,TX,119,area_code_510,no,no,0,81.9,75,13.92,253.8,114,21.57,213.1,125,9.59,8.9,1,2.4,2,yes
1870,MS,101,area_code_408,no,no,0,239,156,40.63,273,106,23.21,278.2,93,12.52,13.5,8,3.65,1,yes
1879,KY,39,area_code_415,no,no,0,295.4,126,50.22,232.1,117,19.73,204.4,123,9.2,11.5,2,3.11,1,yes
1881,CT,56,area_code_415,no,no,0,162.3,99,27.59,149.1,78,12.67,255.5,115,11.5,14.8,1,4,4,yes
1882,NE,76,area_code_415,no,no,0,272.7,97,46.36,236.4,95,20.09,235.5,105,10.6,7.7,2,2.08,0,yes
1888,OK,105,area_code_510,yes,yes,28,156.1,89,26.54,107.1,114,9.1,167.7,95,7.55,14.7,3,3.97,0,yes
1890,SD,91,area_code_415,no,no,0,153,123,26.01,141.1,127,11.99,171.5,76,7.72,10.3,15,2.78,1,yes
1893,WI,147,area_code_415,yes,no,0,225.2,111,38.28,184.9,98,15.72,143.2,146,6.44,9.9,1,2.67,0,yes
1894,IN,68,area_code_510,no,no,0,249.9,127,42.48,254.5,118,21.63,273.2,98,12.29,8.9,6,2.4,2,yes
1899,VT,159,area_code_415,no,no,0,275.8,103,46.89,189.5,108,16.11,223.9,93,10.08,7.4,5,2,2,yes
1904,NJ,93,area_code_510,yes,yes,38,225.7,117,38.37,119.6,122,10.17,193.2,125,8.69,14,7,3.78,1,yes
1905,WA,174,area_code_408,no,yes,33,167.8,91,28.53,205.3,91,17.45,130,132,5.85,14.5,4,3.92,4,yes
1913,NH,103,area_code_408,no,no,0,150.6,125,25.6,169.1,126,14.37,221.2,104,9.95,10.4,8,2.81,8,yes
1920,WA,100,area_code_408,no,no,0,70.8,94,12.04,215.6,102,18.33,230.8,125,10.39,9.5,1,2.57,6,yes
1934,PA,119,area_code_408,no,no,0,260.1,101,44.22,256.5,68,21.8,229.1,89,10.31,10,2,2.7,1,yes
1935,HI,105,area_code_415,no,no,0,281.3,124,47.82,301.5,96,25.63,202.8,109,9.13,8.7,3,2.35,0,yes
1936,MD,108,area_code_415,yes,yes,42,130.1,90,22.12,167,128,14.2,244.7,80,11.01,13.6,5,3.67,3,yes
1940,AZ,113,area_code_510,no,no,0,128.7,100,21.88,227.1,67,19.3,178.1,135,8.01,9.2,4,2.48,2,yes
1951,TX,52,area_code_415,no,no,0,155,110,26.35,133.4,104,11.34,176.1,84,7.92,7,4,1.89,4,yes
1955,ND,71,area_code_510,no,no,0,238,82,40.46,278.5,94,23.67,193.1,134,8.69,11.8,10,3.19,0,yes
1966,NY,139,area_code_510,no,no,0,236.6,109,40.22,169.9,107,14.44,212.3,118,9.55,11.1,2,3,1,yes
1975,KY,113,area_code_408,no,yes,20,157.8,83,26.83,161.5,56,13.73,271.5,100,12.22,8.7,2,2.35,5,yes
1978,SC,49,area_code_415,yes,no,0,237.8,92,40.43,208.9,119,17.76,167.8,86,7.55,15.6,6,4.21,2,yes
1979,RI,106,area_code_510,yes,no,0,204,84,34.68,168.5,61,14.32,164,102,7.38,13.3,3,3.59,3,yes
1985,TN,112,area_code_415,no,no,0,272.5,119,46.33,226.1,94,19.22,159.1,94,7.16,16.4,5,4.43,3,yes
2002,TX,73,area_code_408,no,no,0,286.4,109,48.69,178.2,67,15.15,214.2,152,9.64,10.7,14,2.89,1,yes
2029,SD,93,area_code_510,no,no,0,328.1,106,55.78,151.7,89,12.89,303.5,114,13.66,8.7,3,2.35,1,yes
2030,OK,154,area_code_415,yes,no,0,145.9,69,24.8,208.2,141,17.7,180.9,106,8.14,14.4,10,3.89,0,yes
2034,NJ,162,area_code_408,no,no,0,217.6,87,36.99,279,71,23.72,250.7,65,11.28,10.4,4,2.81,2,yes
2039,TX,136,area_code_408,no,no,0,269.8,106,45.87,228.8,101,19.45,257.5,106,11.59,10.1,8,2.73,1,yes
2060,KS,94,area_code_408,no,no,0,269.2,104,45.76,193.8,144,16.47,257.6,61,11.59,8.9,2,2.4,3,yes
2070,OR,53,area_code_408,no,no,0,261.2,119,44.4,250.8,105,21.32,176,112,7.92,9.8,2,2.65,0,yes
2077,NH,95,area_code_408,yes,no,0,228.9,134,38.91,255.7,71,21.73,208,120,9.36,10.1,2,2.73,4,yes
2100,MA,71,area_code_510,no,no,0,290.4,108,49.37,253.9,92,21.58,263.3,126,11.85,10.1,5,2.73,3,yes
2104,NH,74,area_code_408,no,no,0,298.1,112,50.68,201.3,100,17.11,214.7,88,9.66,9.7,4,2.62,2,yes
2107,GA,128,area_code_408,yes,yes,18,222.1,89,37.76,160.6,109,13.65,218.8,102,9.85,13.6,2,3.67,0,yes
2108,MN,123,area_code_408,no,no,0,236.2,135,40.15,273.9,88,23.28,227,77,10.22,10.1,6,2.73,2,yes
2113,LA,150,area_code_415,no,no,0,136.6,112,23.22,209.4,81,17.8,161.1,78,7.25,12.2,2,3.29,4,yes
2114,NJ,60,area_code_408,no,no,0,289.8,101,49.27,255.6,115,21.73,242.8,76,10.93,11.7,4,3.16,2,yes
2116,CA,138,area_code_510,yes,no,0,196.2,129,33.35,176.5,86,15,232.4,108,10.46,15.2,1,4.1,0,yes
2119,TX,37,area_code_510,yes,no,0,172.9,119,29.39,183,86,15.56,226.4,100,10.19,9.8,1,2.65,0,yes
2120,CA,111,area_code_408,no,no,0,249.8,109,42.47,242.4,106,20.6,231.8,78,10.43,11.6,4,3.13,0,yes
2140,VA,92,area_code_510,yes,no,0,252.3,120,42.89,207,112,17.6,284.6,95,12.81,12,5,3.24,3,yes
2143,MT,100,area_code_415,no,no,0,96.5,86,16.41,210.2,133,17.87,146.4,106,6.59,12.5,3,3.38,1,yes
2148,NE,126,area_code_415,no,no,0,249.8,96,42.47,261.9,92,22.26,166.8,108,7.51,12.7,4,3.43,3,yes
2151,SC,212,area_code_415,no,no,0,226,127,38.42,304.6,83,25.89,181.2,132,8.15,12.6,4,3.4,2,yes
2156,AL,172,area_code_408,no,no,0,270,102,45.9,256.6,111,21.81,168.5,104,7.58,12,5,3.24,2,yes
2159,FL,166,area_code_510,yes,no,0,47.7,89,8.11,264.4,95,22.47,235.2,97,10.58,13.2,3,3.56,0,yes
2161,NV,94,area_code_408,yes,no,0,89.5,94,15.22,339.9,106,28.89,172.9,76,7.78,7.9,1,2.13,1,yes
2165,NC,115,area_code_510,yes,no,0,251.3,69,42.72,252.5,96,21.46,118.3,112,5.32,9.9,1,2.67,3,yes
2174,KS,47,area_code_510,yes,no,0,47.8,120,8.13,178.9,123,15.21,152.6,96,6.87,13.3,7,3.59,0,yes
2187,NM,41,area_code_415,no,no,0,232.1,74,39.46,327.1,88,27.8,226.5,119,10.19,10.9,2,2.94,3,yes
2188,WA,167,area_code_415,no,no,0,169.2,124,28.76,173.3,108,14.73,216.5,64,9.74,12.4,4,3.35,4,yes
2204,PA,97,area_code_510,yes,no,0,145,103,24.65,294.3,93,25.02,239.8,120,10.79,11,2,2.97,4,yes
2211,UT,71,area_code_415,no,no,0,278.9,110,47.41,190.2,67,16.17,255.2,84,11.48,11.7,7,3.16,0,yes
2214,TX,98,area_code_415,no,no,0,217.2,121,36.92,303.4,73,25.79,197.1,71,8.87,12.4,2,3.35,0,yes
2216,MS,13,area_code_415,no,no,0,303.2,133,51.54,170.5,86,14.49,227.6,80,10.24,11.5,3,3.11,0,yes
2219,MI,116,area_code_408,no,no,0,133.3,94,22.66,247.8,126,21.06,219,78,9.86,11.3,5,3.05,5,yes
2238,NV,88,area_code_415,no,no,0,166.7,61,28.34,179.3,88,15.24,242.7,131,10.92,6.8,7,1.84,4,yes
2239,NE,61,area_code_408,no,no,0,267.1,104,45.41,180.4,131,15.33,230.6,106,10.38,17.3,4,4.67,1,yes
2259,TN,80,area_code_415,yes,no,0,276.5,122,47.01,195.6,79,16.63,210.3,78,9.46,7.2,3,1.94,1,yes
2268,MS,29,area_code_510,no,no,0,313.2,103,53.24,216.3,151,18.39,218.4,106,9.83,12.8,4,3.46,2,yes
2284,AR,98,area_code_415,no,no,0,227.1,116,38.61,120.5,103,10.24,117,102,5.27,4.7,4,1.27,5,yes
2291,NV,113,area_code_510,no,no,0,245.3,108,41.7,259.9,140,22.09,204.3,115,9.19,10.7,2,2.89,3,yes
2325,LA,124,area_code_510,no,no,0,143.3,120,24.36,230.7,111,19.61,214.3,91,9.64,7.8,2,2.11,4,yes
2326,UT,110,area_code_415,no,no,0,271.1,108,46.09,237,122,20.15,239.9,122,10.8,9.8,5,2.65,2,yes
2328,NY,82,area_code_415,no,no,0,167.1,77,28.41,131.8,79,11.2,187.4,98,8.43,9.4,1,2.54,6,yes
2336,MN,124,area_code_510,yes,no,0,157.8,71,26.83,203.2,114,17.27,168.7,82,7.59,10,2,2.7,3,yes
2344,TN,120,area_code_408,yes,no,0,179.9,72,30.58,170,98,14.45,190.6,89,8.58,13.8,2,3.73,1,yes
2348,IL,68,area_code_415,yes,yes,29,195.5,113,33.24,171.6,96,14.59,204,85,9.18,13.5,9,3.65,1,yes
2355,MT,102,area_code_408,no,no,0,273.2,85,46.44,211.1,82,17.94,203.7,129,9.17,13.1,7,3.54,2,yes
2357,FL,105,area_code_415,no,no,0,273.8,97,46.55,289.7,106,24.62,269.1,126,12.11,5.8,3,1.57,2,yes
2358,WI,153,area_code_510,no,no,0,159.5,103,27.12,275.5,90,23.42,176.7,126,7.95,10.1,2,2.73,1,yes
2370,NY,112,area_code_415,no,no,0,174.3,123,29.63,140.2,124,11.92,215.4,89,9.69,9,6,2.43,4,yes
2377,NV,42,area_code_415,no,no,0,303.9,106,51.66,232.2,54,19.74,147.1,76,6.62,5.8,3,1.57,1,yes
2378,ND,101,area_code_415,no,yes,36,123.7,125,21.03,172.6,106,14.67,280.5,127,12.62,8.8,4,2.38,1,yes
2381,NJ,53,area_code_408,no,no,0,228.6,117,38.86,132.8,123,11.29,227.2,124,10.22,10.1,2,2.73,9,yes
2387,CT,120,area_code_408,yes,no,0,202,123,34.34,184.3,78,15.67,176,89,7.92,7.4,2,2,2,yes
2388,MI,108,area_code_408,no,yes,32,209.5,108,35.62,109.6,64,9.32,189.7,145,8.54,9.1,6,2.46,6,yes
2389,SC,161,area_code_510,no,no,0,297.9,141,50.64,238.1,107,20.24,240.5,93,10.82,8.9,5,2.4,1,yes
2390,SC,130,area_code_415,no,no,0,212.8,102,36.18,189.8,137,16.13,170.1,105,7.65,10.6,4,2.86,0,yes
2398,MD,107,area_code_415,no,no,0,294.9,71,50.13,192.8,78,16.39,148.1,87,6.66,13.2,5,3.56,1,yes
2402,NY,126,area_code_415,yes,no,0,239.7,87,40.75,281.7,92,23.94,183.5,113,8.26,11.4,1,3.08,1,yes
2403,NY,77,area_code_415,no,yes,33,143,101,24.31,212.2,102,18.04,104.9,120,4.72,15.3,4,4.13,5,yes
2406,ID,92,area_code_415,no,yes,29,201.3,130,34.22,203.7,115,17.31,129.9,113,5.85,6.4,6,1.73,1,yes
2408,TX,139,area_code_510,yes,yes,31,203.5,82,34.6,200.3,72,17.03,214,112,9.63,13.4,6,3.62,1,yes
2413,WI,89,area_code_415,no,no,0,326.3,112,55.47,165.1,110,14.03,162.9,97,7.33,7.5,1,2.03,1,yes
2416,DC,114,area_code_415,no,no,0,147.1,119,25.01,161,111,13.69,275.9,106,12.42,9,3,2.43,5,yes
2420,CA,37,area_code_510,no,no,0,239.9,120,40.78,261.6,88,22.24,207.1,88,9.32,8.9,4,2.4,2,yes
2421,MN,100,area_code_415,yes,no,0,159.9,94,27.18,179.9,95,15.29,154.4,102,6.95,11.6,2,3.13,2,yes
2422,CO,132,area_code_415,no,no,0,197.8,66,33.63,133.9,119,11.38,177.3,94,7.98,10.9,3,2.94,4,yes
2429,MN,40,area_code_510,no,no,0,81.7,123,13.89,210.2,108,17.87,212,64,9.54,11.3,3,3.05,6,yes
2433,PA,75,area_code_510,no,no,0,109,88,18.53,259.3,120,22.04,182.1,119,8.19,13.3,3,3.59,4,yes
2438,CA,105,area_code_415,no,yes,31,109.6,108,18.63,249.3,119,21.19,321.2,101,14.45,8.3,4,2.24,4,yes
2452,NC,182,area_code_415,no,no,0,279.5,118,47.52,203.2,113,17.27,174.2,101,7.84,10.7,4,2.89,2,yes
2469,WV,152,area_code_510,yes,yes,41,146.8,128,24.96,285.6,96,24.28,213.6,80,9.61,4.3,2,1.16,1,yes
2473,IN,129,area_code_415,no,no,0,137.8,120,23.43,225.8,110,19.19,145.2,95,6.53,10.2,6,2.75,1,yes
2480,ID,116,area_code_510,yes,yes,29,162.3,91,27.59,279.3,79,23.74,192.7,131,8.67,11.7,2,3.16,3,yes
2490,RI,143,area_code_408,no,no,0,167.8,72,28.53,211,99,17.94,153.5,109,6.91,10.5,6,2.84,4,yes
2494,KY,21,area_code_415,no,no,0,92.6,95,15.74,161.9,70,13.76,285,78,12.83,11.3,3,3.05,5,yes
2516,MD,111,area_code_510,no,no,0,123.1,88,20.93,213.9,84,18.18,184.9,88,8.32,12,2,3.24,5,yes
2527,NJ,57,area_code_510,yes,no,0,115,65,19.55,122.3,96,10.4,245,75,11.03,6.4,1,1.73,0,yes
2534,CO,92,area_code_415,no,no,0,184.7,60,31.4,262,73,22.27,239.5,120,10.78,12.3,6,3.32,2,yes
2536,RI,125,area_code_408,no,no,0,113,108,19.21,169.2,107,14.38,156.6,61,7.05,9.2,5,2.48,2,yes
2537,CT,119,area_code_408,no,no,0,294.2,100,50.01,232.5,53,19.76,195,64,8.78,9,1,2.43,0,yes
2540,OR,138,area_code_415,yes,yes,28,211.2,117,35.9,312.5,98,26.56,178,118,8.01,10.7,2,2.89,3,yes
2543,SC,19,area_code_510,no,no,0,259.4,116,44.1,269.7,109,22.92,175.3,130,7.89,9.5,3,2.57,1,yes
2568,KY,58,area_code_415,no,no,0,247.2,116,42.02,303.7,103,25.81,105.4,94,4.74,9.3,2,2.51,2,yes
2573,MN,152,area_code_415,no,no,0,317.8,60,54.03,152.9,100,13,123.4,63,5.55,10.4,7,2.81,1,yes
2574,WV,124,area_code_415,no,no,0,312,112,53.04,180,109,15.3,168.6,94,7.59,12.8,4,3.46,1,yes
2576,MS,131,area_code_415,no,no,0,131.6,95,22.37,179.3,109,15.24,251.2,129,11.3,15.5,3,4.19,1,yes
2582,NY,123,area_code_415,no,no,0,123.2,104,20.94,190,117,16.15,170.3,95,7.66,12.9,5,3.48,4,yes
2592,ND,122,area_code_408,no,no,0,231.2,141,39.3,267.8,136,22.76,240.3,100,10.81,8.8,5,2.38,1,yes
2595,OH,115,area_code_510,yes,no,0,345.3,81,58.7,203.4,106,17.29,217.5,107,9.79,11.8,8,3.19,1,yes
2596,AL,25,area_code_408,no,no,0,264.9,80,45.03,281.2,66,23.9,166.1,80,7.47,8.4,4,2.27,1,yes
2600,DE,97,area_code_510,no,no,0,225.1,90,38.27,279.5,127,23.76,233.8,103,10.52,8.8,4,2.38,0,yes
2603,OK,86,area_code_510,yes,no,0,162.4,131,27.61,167,102,14.2,128.9,118,5.8,11.4,2,3.08,2,yes
2607,AR,145,area_code_415,no,no,0,224.2,89,38.11,314.9,121,26.77,182.9,121,8.23,16.1,3,4.35,1,yes
2615,NH,125,area_code_415,yes,no,0,298.4,78,50.73,270.5,142,22.99,107.3,84,4.83,12.2,2,3.29,0,yes
2620,ND,147,area_code_408,yes,yes,35,157.5,109,26.78,189.6,67,16.12,227,76,10.22,11.1,2,3,3,yes
2625,MI,105,area_code_415,no,no,0,226.9,106,38.57,182.2,77,15.49,203.9,107,9.18,11.6,2,3.13,0,yes
2630,NH,141,area_code_415,no,yes,32,322.4,92,54.81,283.2,107,24.07,209.5,111,9.43,6.7,3,1.81,1,yes
2646,KS,91,area_code_408,yes,no,0,246.4,110,41.89,182,98,15.47,157.6,106,7.09,12.1,2,3.27,2,yes
2648,SC,116,area_code_408,no,no,0,288,120,48.96,255.8,90,21.74,233.4,99,10.5,13.4,4,3.62,0,yes
2661,NJ,88,area_code_415,no,no,0,301.5,136,51.26,257.7,72,21.9,132.9,118,5.98,13.4,2,3.62,4,yes
2663,VA,50,area_code_415,yes,no,0,99.6,108,16.93,308.7,102,26.24,161.2,62,7.25,13.7,6,3.7,2,yes
2665,NM,188,area_code_415,yes,yes,26,198.8,115,33.8,166.6,67,14.16,198.5,118,8.93,14.4,3,3.89,1,yes
2667,RI,103,area_code_510,yes,no,0,255.9,128,43.5,140.9,92,11.98,308.9,130,13.9,12.1,2,3.27,1,yes
2673,MS,65,area_code_415,yes,no,0,277.9,123,47.24,155.8,112,13.24,256.9,71,11.56,9.2,10,2.48,0,yes
2674,ND,180,area_code_415,no,no,0,224.9,105,38.23,250,101,21.25,216.1,73,9.72,6.7,5,1.81,3,yes
2678,IA,44,area_code_415,no,no,0,308.6,139,52.46,150.8,94,12.82,198.7,66,8.94,7.3,3,1.97,4,yes
2682,SC,121,area_code_415,no,no,0,144.8,126,24.62,200.6,82,17.05,208.8,81,9.4,13.3,9,3.59,0,yes
2688,MN,125,area_code_415,yes,yes,29,260.8,81,44.34,163.7,112,13.91,271.7,117,12.23,17,6,4.59,1,yes
2695,MN,125,area_code_415,no,no,0,240.7,82,40.92,269.4,85,22.9,187.1,74,8.42,10.1,3,2.73,0,yes
2697,MI,74,area_code_415,no,no,0,314.1,86,53.4,222.4,99,18.9,259,121,11.66,12.3,5,3.32,3,yes
2701,SC,209,area_code_510,no,no,0,255.1,124,43.37,230.6,110,19.6,218,69,9.81,8.5,5,2.3,3,yes
2709,MI,132,area_code_408,no,no,0,291.2,104,49.5,234.2,132,19.91,191.7,87,8.63,8.9,3,2.4,1,yes
2711,WV,63,area_code_510,no,no,0,261.8,69,44.51,245,135,20.83,202.1,94,9.09,14.7,4,3.97,0,yes
2725,NJ,182,area_code_415,no,no,0,279.1,124,47.45,180.5,108,15.34,217.5,104,9.79,9.5,11,2.57,2,yes
2732,NJ,127,area_code_510,no,no,0,245.2,91,41.68,217.2,92,18.46,243.1,128,10.94,13.9,6,3.75,0,yes
2733,NC,130,area_code_408,yes,no,0,216.2,106,36.75,363.7,86,30.91,126.7,123,5.7,16.9,2,4.56,5,yes
2736,TX,90,area_code_415,yes,yes,26,169,104,28.73,188.8,104,16.05,213.3,76,9.6,13.3,3,3.59,0,yes
2746,PA,61,area_code_408,no,yes,40,105,78,17.85,180.6,100,15.35,174.1,115,7.83,10.2,2,2.75,2,yes
2748,MD,147,area_code_408,no,no,0,274,92,46.58,231.8,82,19.7,283.6,83,12.76,6.2,1,1.67,0,yes
2761,IL,137,area_code_408,yes,no,0,237.3,103,40.34,176.7,84,15.02,263.4,81,11.85,14.2,4,3.83,0,yes
2773,WI,161,area_code_408,no,no,0,154.7,84,26.3,177.8,125,15.11,172.9,90,7.78,5.9,2,1.59,4,yes
2774,NJ,134,area_code_510,no,yes,34,247.2,105,42.02,225.5,133,19.17,186.3,76,8.38,6.1,5,1.65,2,yes
2775,ME,62,area_code_415,yes,yes,32,218.4,93,37.13,236.7,132,20.12,192.2,137,8.65,13.2,3,3.56,0,yes
2785,MD,119,area_code_408,no,no,0,239.1,88,40.65,243.5,79,20.7,230.9,92,10.39,10.9,3,2.94,3,yes
2786,MN,38,area_code_510,no,no,0,175.7,109,29.87,211.8,97,18,137.9,109,6.21,9.2,3,2.48,5,yes
2787,AR,109,area_code_415,no,yes,29,111.2,90,18.9,263.5,98,22.4,224.7,128,10.11,9,6,2.43,6,yes
2795,MT,137,area_code_408,yes,no,0,258,112,43.86,246.5,117,20.95,173.2,100,7.79,10.9,3,2.94,0,yes
2801,SD,52,area_code_510,yes,no,0,251.4,118,42.74,196.6,80,16.71,192,53,8.64,11,2,2.97,0,yes
2817,ID,130,area_code_415,no,no,0,263.7,113,44.83,186.5,103,15.85,195.3,99,8.79,18.3,6,4.94,1,yes
2820,WY,159,area_code_415,no,no,0,167.4,68,28.46,143.8,74,12.22,140.1,111,6.3,10.3,3,2.78,0,yes
2825,OR,81,area_code_415,no,no,0,324.7,48,55.2,236.4,82,20.09,187.6,78,8.44,13.1,5,3.54,0,yes
2828,AL,89,area_code_510,no,no,0,129.2,71,21.96,214.1,68,18.2,214.9,100,9.67,10.3,4,2.78,5,yes
2829,MS,123,area_code_415,yes,no,0,125.5,106,21.34,128.9,96,10.96,251.9,129,11.34,6.3,6,1.7,4,yes
2840,SC,112,area_code_415,no,no,0,266,97,45.22,214.6,94,18.24,306.2,100,13.78,14.2,2,3.83,2,yes
2866,NH,97,area_code_408,no,yes,32,90,87,15.3,276.3,113,23.49,185.2,107,8.33,8.6,6,2.32,2,yes
2869,MA,17,area_code_415,yes,no,0,162.8,118,27.68,229.6,91,19.52,332.7,94,14.97,13.6,3,3.67,0,yes
2875,WY,134,area_code_510,no,no,0,296,93,50.32,226.4,117,19.24,246.8,98,11.11,12.3,10,3.32,0,yes
2883,MI,178,area_code_408,yes,no,0,124.5,134,21.17,141.2,78,12,268.2,113,12.07,11.4,2,3.08,2,yes
2885,UT,170,area_code_415,no,no,0,285.7,44,48.57,167.5,144,14.24,260,97,11.7,8.7,4,2.35,1,yes
2890,CT,93,area_code_415,no,no,0,271.1,101,46.09,237.4,133,20.18,145.4,103,6.54,8.4,6,2.27,1,yes
2901,MS,78,area_code_408,no,no,0,108.6,108,18.46,209.9,126,17.84,222.6,117,10.02,7.9,5,2.13,1,yes
2902,MT,85,area_code_408,no,yes,17,89.8,88,15.27,233.2,75,19.82,165.7,116,7.46,9.3,7,2.51,4,yes
2909,NV,148,area_code_415,no,no,0,279.3,104,47.48,201.6,87,17.14,280.8,99,12.64,7.9,2,2.13,2,yes
2925,WA,96,area_code_415,no,no,0,276.9,105,47.07,246.9,94,20.99,254.4,107,11.45,10.3,3,2.78,1,yes
2926,NY,168,area_code_408,no,no,0,163.4,134,27.78,240.1,87,20.41,164,147,7.38,11.6,2,3.13,2,yes
2927,IN,72,area_code_510,no,no,0,287.4,116,48.86,235.3,126,20,292.1,114,13.14,5,3,1.35,4,yes
2935,DC,24,area_code_408,no,no,0,149,73,25.33,131,81,11.14,238.6,69,10.74,8.6,3,2.32,2,yes
2937,OK,44,area_code_408,no,no,0,288.8,86,49.1,175.9,87,14.95,215.4,106,9.69,9.5,2,2.57,0,yes
2943,GA,117,area_code_415,yes,no,0,287.4,118,48.86,259.6,84,22.07,153.2,86,6.89,10,3,2.7,1,yes
2948,ND,145,area_code_415,no,no,0,245.8,116,41.79,286.7,91,24.37,240.7,115,10.83,9,13,2.43,1,yes
2951,OH,133,area_code_408,no,no,0,117.8,100,20.03,199.2,105,16.93,244.1,119,10.98,11.8,4,3.19,0,yes
2953,WY,123,area_code_415,no,no,0,242.2,87,41.17,226.1,101,19.22,268.6,121,12.09,8.2,3,2.21,5,yes
2959,NC,95,area_code_408,no,no,0,128.6,115,21.86,216.2,88,18.38,255.3,96,11.49,6.3,2,1.7,6,yes
2961,TX,1,area_code_415,no,no,0,182.1,106,30.96,134.9,106,11.47,152.3,75,6.85,10,3,2.7,5,yes
2962,KY,98,area_code_415,no,yes,36,168,81,28.56,163.2,125,13.87,172.7,120,7.77,8,2,2.16,6,yes
2965,OR,99,area_code_408,no,no,0,256.4,44,43.59,214.5,105,18.23,233.7,75,10.52,7.9,1,2.13,3,yes
2969,CT,160,area_code_415,no,no,0,234.9,136,39.93,270.8,134,23.02,219.3,101,9.87,13.9,2,3.75,1,yes
2972,MI,148,area_code_415,yes,no,0,233.5,81,39.7,187.7,71,15.95,122.3,97,5.5,9.6,2,2.59,0,yes
2973,MT,147,area_code_415,no,yes,35,197.3,134,33.54,141.1,99,11.99,212.1,90,9.54,10.1,4,2.73,2,yes
2980,HI,99,area_code_408,no,no,0,135.7,107,23.07,208.4,103,17.71,209,95,9.4,8.8,3,2.38,7,yes
2981,KS,84,area_code_415,no,no,0,225.9,86,38.4,275.6,105,23.43,201.4,108,9.06,14.3,3,3.86,3,yes
2988,NY,131,area_code_408,yes,no,0,122.3,83,20.79,118.8,94,10.1,147.9,95,6.66,13.7,3,3.7,3,yes
2990,MI,108,area_code_408,yes,no,0,115.1,114,19.57,211.3,70,17.96,136.1,85,6.12,13.8,3,3.73,2,yes
2995,VT,128,area_code_408,no,no,0,227.9,130,38.74,302.6,71,25.72,191.5,82,8.62,5.5,7,1.49,1,yes
3003,WA,177,area_code_415,no,no,0,266.1,91,45.24,225.2,79,19.14,224.7,58,10.11,8.9,8,2.4,3,yes
3020,TX,169,area_code_408,no,no,0,266.7,105,45.34,158.2,88,13.45,287.7,111,12.95,13.8,3,3.73,3,yes
3024,MT,103,area_code_510,no,yes,35,110.5,101,18.79,208.3,81,17.71,87.4,77,3.93,13.9,2,3.75,4,yes
3036,ME,88,area_code_415,no,no,0,85.7,112,14.57,221.6,70,18.84,190.6,75,8.58,11.6,3,3.13,4,yes
3046,MN,57,area_code_415,no,no,0,272.7,74,46.36,224.9,85,19.12,178.2,104,8.02,10.5,3,2.84,2,yes
3051,SC,101,area_code_415,no,no,0,158.4,92,26.93,188,117,15.98,219.7,125,9.89,13.5,4,3.65,4,yes
3065,CO,130,area_code_408,no,no,0,271.8,129,46.21,237.2,128,20.16,210.1,91,9.45,8.7,2,2.35,4,yes
3071,MD,154,area_code_510,no,no,0,154.5,122,26.27,214.2,71,18.21,178,105,8.01,12,2,3.24,3,yes
3073,TX,75,area_code_415,no,no,0,305.1,106,51.87,188,115,15.98,235.4,116,10.59,8.5,5,2.3,0,yes
3080,WV,88,area_code_510,no,no,0,131.5,99,22.36,174.8,128,14.86,184.2,83,8.29,7.9,2,2.13,5,yes
3094,SD,27,area_code_510,no,no,0,226.3,95,38.47,274.3,109,23.32,242.7,119,10.92,8.2,3,2.21,2,yes
3113,AR,115,area_code_415,no,no,0,139.3,89,23.68,192.3,95,16.35,151,75,6.8,9.3,3,2.51,7,yes
3114,HI,108,area_code_415,no,no,0,291.6,99,49.57,221.1,93,18.79,229.2,110,10.31,14,9,3.78,2,yes
3126,IA,40,area_code_510,no,no,0,169.7,115,28.85,141.4,123,12.02,253,115,11.39,10.5,3,2.84,4,yes
3128,MT,100,area_code_415,no,no,0,113.3,96,19.26,197.9,89,16.82,284.5,93,12.8,11.7,2,3.16,4,yes
3133,NC,161,area_code_415,no,no,0,322.3,100,54.79,230.4,135,19.58,241.5,104,10.87,7.8,5,2.11,2,yes
3145,NH,35,area_code_408,no,no,0,138.1,115,23.48,158.2,82,13.45,215.7,118,9.71,10.3,2,2.78,5,yes
3149,WA,60,area_code_415,yes,no,0,205.9,97,35,277.4,117,23.58,202,139,9.09,11,2,2.97,0,yes
3152,ME,56,area_code_408,no,no,0,221.9,112,37.72,278.2,122,23.65,288.1,85,12.96,7.1,5,1.92,0,yes
3158,AR,127,area_code_415,yes,no,0,143.2,60,24.34,179.5,159,15.26,171.8,122,7.73,6.2,4,1.67,4,yes
3167,AR,54,area_code_415,no,no,0,247.5,85,42.08,225.4,93,19.16,244.3,132,10.99,10.2,2,2.75,2,yes
3169,TX,201,area_code_415,no,no,0,225.9,110,38.4,299.1,86,25.42,251.3,81,11.31,11.2,4,3.02,1,yes
3170,ID,78,area_code_415,no,no,0,103.5,115,17.6,117.9,102,10.02,201,94,9.05,12,3,3.24,4,yes
3190,WA,76,area_code_510,yes,no,0,246.8,110,41.96,206.3,63,17.54,208.4,123,9.38,13.2,5,3.56,0,yes
3191,ID,103,area_code_415,no,no,0,174.7,151,29.7,148,56,12.58,168.2,109,7.57,15.8,3,4.27,6,yes
3192,CT,87,area_code_415,no,no,0,240,83,40.8,134.1,106,11.4,189.1,84,8.51,9.3,2,2.51,0,yes
3206,MS,111,area_code_408,no,no,0,294.7,90,50.1,294.6,72,25.04,260.1,121,11.7,10.8,3,2.92,1,yes
3210,OH,68,area_code_415,yes,yes,24,125.7,92,21.37,275.9,98,23.45,214.5,108,9.65,14.2,6,3.83,3,yes
3225,IN,115,area_code_415,no,no,0,226.4,101,38.49,276.8,60,23.53,213.4,82,9.6,12.3,4,3.32,3,yes
3227,ME,100,area_code_510,no,no,0,264.5,117,44.97,194,111,16.49,262.7,111,11.82,7.5,4,2.03,2,yes
3239,WA,121,area_code_510,no,no,0,255.1,93,43.37,266.9,97,22.69,197.7,118,8.9,8.8,3,2.38,3,yes
3242,AK,177,area_code_415,yes,no,0,248.7,118,42.28,172.3,73,14.65,191.9,87,8.64,11.3,2,3.05,1,yes
3244,AR,113,area_code_415,yes,no,0,122.2,112,20.77,131.7,94,11.19,169.5,106,7.63,10.3,9,2.78,5,yes
3247,NC,77,area_code_408,yes,yes,44,103.2,117,17.54,236.3,86,20.09,203.5,101,9.16,11.9,2,3.21,0,yes
3248,OK,146,area_code_510,no,no,0,138.4,104,23.53,158.9,122,13.51,47.4,73,2.13,3.9,9,1.05,4,yes
3256,RI,138,area_code_510,yes,no,0,286.2,61,48.65,187.2,60,15.91,146.2,114,6.58,11,4,2.97,2,yes
3266,ID,82,area_code_415,no,no,0,266.9,83,45.37,229.7,74,19.52,251.7,99,11.33,11,6,2.97,3,yes
3269,WA,84,area_code_415,no,no,0,289.1,100,49.15,233.8,97,19.87,223.5,148,10.06,12.7,2,3.43,2,yes
3273,MD,133,area_code_510,no,no,0,295,141,50.15,223.6,101,19.01,229.4,109,10.32,12.9,4,3.48,2,yes
3281,AR,76,area_code_408,no,no,0,107.3,140,18.24,238.2,133,20.25,271.8,116,12.23,10,3,2.7,4,yes
3288,KS,170,area_code_415,no,yes,42,199.5,119,33.92,135,90,11.48,184.6,49,8.31,10.9,3,2.94,4,yes
3292,MI,119,area_code_510,yes,yes,22,172.1,119,29.26,223.6,133,19.01,150,94,6.75,13.9,20,3.75,1,yes
3302,CA,84,area_code_415,no,no,0,280,113,47.6,202.2,90,17.19,156.8,103,7.06,10.4,4,2.81,0,yes
3305,IL,71,area_code_510,yes,no,0,186.1,114,31.64,198.6,140,16.88,206.5,80,9.29,13.8,5,3.73,4,yes
3321,GA,122,area_code_510,yes,no,0,140,101,23.8,196.4,77,16.69,120.1,133,5.4,9.7,4,2.62,4,yes
3323,MD,62,area_code_408,no,no,0,321.1,105,54.59,265.5,122,22.57,180.5,72,8.12,11.5,2,3.11,4,yes
3324,IN,117,area_code_415,no,no,0,118.4,126,20.13,249.3,97,21.19,227,56,10.22,13.6,3,3.67,5,yes
3370,CA,73,area_code_415,no,no,0,137.6,113,23.39,179.7,75,15.27,172.8,71,7.78,10.7,2,2.89,1,yes
3373,CA,125,area_code_510,yes,no,0,158.7,112,26.98,155.7,126,13.23,246,110,11.07,8.3,1,2.24,2,yes
3374,OR,194,area_code_415,no,no,0,258.3,76,43.91,306,88,26.01,241.8,106,10.88,13.6,4,3.67,1,yes
3377,SD,98,area_code_415,no,no,0,307.2,65,52.22,138.6,97,11.78,381.6,99,17.17,10.2,4,2.75,2,yes
3383,MI,61,area_code_408,no,no,0,208.4,102,35.43,326.1,96,27.72,201.9,73,9.09,10.1,8,2.73,1,yes
3396,NV,111,area_code_415,no,no,0,304.6,56,51.78,157.6,101,13.4,188.2,116,8.47,12.4,1,3.35,1,yes
3410,WV,64,area_code_415,no,no,0,160.6,110,27.3,171.9,97,14.61,105.2,56,4.73,7.3,2,1.97,0,yes
3414,SD,137,area_code_415,no,no,0,144.5,119,24.57,167.3,89,14.22,175.1,76,7.88,6.1,4,1.65,5,yes
3422,DE,120,area_code_415,no,no,0,253.2,95,43.04,210.8,86,17.92,253.9,81,11.43,9.5,4,2.57,5,yes
3429,WV,43,area_code_408,yes,no,0,160.5,92,27.29,235.8,121,20.04,111.8,95,5.03,13.8,5,3.73,1,yes
3440,TN,110,area_code_510,no,no,0,220.9,100,37.55,279.6,76,23.77,239.8,107,10.79,13.5,9,3.65,1,yes
3443,UT,133,area_code_510,no,no,0,338.4,86,57.53,234.6,97,19.94,264.8,139,11.92,14.8,4,4,3,yes
3453,DE,109,area_code_415,yes,yes,36,244.2,147,41.51,199.7,65,16.97,144.4,109,6.5,15.4,3,4.16,2,yes
3458,ME,73,area_code_408,no,no,0,272.4,112,46.31,252.2,91,21.44,255.4,112,11.49,10.9,5,2.94,1,yes
3462,NC,110,area_code_415,yes,no,0,135.1,99,22.97,227.3,123,19.32,176,110,7.92,13.2,4,3.56,1,yes
3469,LA,96,area_code_510,no,no,0,182.6,75,31.04,188.6,67,16.03,137.7,81,6.2,9.5,3,2.57,5,yes
3483,UT,89,area_code_408,no,no,0,144.2,74,24.51,164.7,119,14,279.2,121,12.56,12.1,7,3.27,4,yes
3487,SC,40,area_code_415,no,no,0,309.4,86,52.6,271.3,98,23.06,197.1,116,8.87,11.2,5,3.02,3,yes
3488,WV,161,area_code_415,no,no,0,159.6,102,27.13,212.6,119,18.07,151.4,83,6.81,12.6,7,3.4,5,yes
3495,WV,69,area_code_415,yes,no,0,176.8,89,30.06,196,89,16.66,232.6,151,10.47,13.1,5,3.54,1,yes
3499,WA,114,area_code_510,yes,no,0,115.6,93,19.65,163.2,78,13.87,251.3,104,11.31,9.7,1,2.62,2,yes
3526,TX,104,area_code_415,no,no,0,261.2,81,44.4,209.1,130,17.77,281.1,121,12.65,11.3,1,3.05,2,yes
3541,ME,79,area_code_510,yes,no,0,300.4,113,51.07,210.8,93,17.92,173.4,121,7.8,11.9,3,3.21,2,yes
3547,WA,93,area_code_415,no,no,0,214.4,112,36.45,261.5,97,22.23,280.8,112,12.64,14.8,3,4,0,yes
3549,MA,117,area_code_408,no,no,0,302.6,83,51.44,167.1,106,14.2,209.8,79,9.44,10.4,7,2.81,1,yes
3550,ME,163,area_code_415,no,yes,30,195.2,123,33.18,126.4,115,10.74,221,90,9.95,9,5,2.43,5,yes
3552,LA,59,area_code_415,no,no,0,119,119,20.23,134.5,115,11.43,298.6,75,13.44,9,6,2.43,2,yes
3555,WI,72,area_code_415,no,no,0,129.8,106,22.07,188.7,138,16.04,212.5,116,9.56,8.3,4,2.24,4,yes
3556,SD,108,area_code_510,yes,no,0,275.9,84,46.9,203,91,17.26,211.4,108,9.51,6.7,4,1.81,2,yes
3586,MS,120,area_code_415,no,no,0,112.6,80,19.14,124.4,86,10.57,234.9,88,10.57,8.1,3,2.19,6,yes
3588,WV,78,area_code_408,no,no,0,226.3,88,38.47,306.2,81,26.03,200.9,120,9.04,7.8,11,2.11,1,yes
3596,ID,69,area_code_510,yes,no,0,199.7,121,33.95,189.4,92,16.1,264,120,11.88,11.1,4,3,6,yes
3602,WA,166,area_code_510,no,no,0,156.8,100,26.66,171.5,93,14.58,149.1,97,6.71,11.2,10,3.02,1,yes
3605,RI,60,area_code_415,no,no,0,221,94,37.57,308.2,72,26.2,233.2,94,10.49,10.1,5,2.73,1,yes
3609,VA,88,area_code_415,no,no,0,294.3,83,50.03,172.1,104,14.63,177.3,105,7.98,5.8,7,1.57,2,yes
3614,OK,78,area_code_415,no,no,0,290.5,119,49.39,158.4,75,13.46,255.6,101,11.5,8.6,6,2.32,2,yes
3615,TN,102,area_code_415,no,no,0,183.2,112,31.14,187.5,113,15.94,232.3,77,10.45,9.2,5,2.48,1,yes
3617,TN,127,area_code_415,yes,no,0,220.7,100,37.52,170.2,89,14.47,278.4,73,12.53,15,4,4.05,3,yes
3618,FL,100,area_code_415,no,no,0,303,93,51.51,175.6,89,14.93,135.2,102,6.08,10.4,5,2.81,1,yes
3629,NH,127,area_code_415,yes,no,0,324.3,107,55.13,141.6,90,12.04,207.6,90,9.34,12.8,7,3.46,1,yes
3631,AR,49,area_code_408,yes,yes,32,176.9,118,30.07,227,121,19.3,204.4,115,9.2,15.1,3,4.08,3,yes
3639,TN,89,area_code_415,no,no,0,208.4,112,35.43,189.5,116,16.11,264.4,101,11.9,16.8,1,4.54,0,yes
3657,FL,113,area_code_415,no,no,0,317.1,97,53.91,224.8,70,19.11,215.1,90,9.68,13.6,2,3.67,1,yes
3660,NE,23,area_code_415,no,no,0,155.6,122,26.45,223.8,82,19.02,50.9,130,2.29,10.6,3,2.86,4,yes
3666,WV,166,area_code_408,no,yes,41,196.7,109,33.44,124.3,107,10.57,198.3,94,8.92,11,5,2.97,5,yes
3668,GA,69,area_code_408,no,no,0,215.9,122,36.7,270.3,114,22.98,301.8,129,13.58,6.1,5,1.65,4,yes
3676,AZ,114,area_code_510,no,no,0,326.1,119,55.44,161,105,13.69,220.1,129,9.9,11,3,2.97,1,yes
3682,AR,154,area_code_408,no,no,0,283.6,115,48.21,181.3,103,15.41,306.1,60,13.77,8.8,5,2.38,0,yes
3687,AL,64,area_code_510,no,no,0,297.8,88,50.63,196,89,16.66,213.7,107,9.62,12,2,3.24,1,yes
3689,MT,117,area_code_415,no,no,0,233.4,71,39.68,296.4,76,25.19,276.9,103,12.46,10.3,1,2.78,0,yes
3693,IN,116,area_code_415,no,no,0,271,114,46.07,209.9,71,17.84,193.5,109,8.71,13.7,2,3.7,5,yes
3703,OR,3,area_code_510,no,no,0,125.5,100,21.34,266.2,78,22.63,270.4,119,12.17,5.9,6,1.59,3,yes
3718,FL,185,area_code_510,no,yes,24,121.6,100,20.67,108.3,77,9.21,206.3,98,9.28,12.3,2,3.32,5,yes
3734,KS,92,area_code_510,no,no,0,325.4,73,55.32,127.8,100,10.86,209.9,98,9.45,9.3,10,2.51,1,yes
3739,NJ,91,area_code_415,no,no,0,93.5,110,15.9,213.3,79,18.13,171.7,83,7.73,8.9,4,2.4,4,yes
3747,MN,113,area_code_408,no,no,0,198.6,115,33.76,258,106,21.93,245.8,104,11.06,10.2,6,2.75,1,yes
3755,DE,102,area_code_408,no,no,0,245.4,82,41.72,260.3,124,22.13,195.1,82,8.78,10.5,3,2.84,3,yes
3770,MO,162,area_code_415,yes,no,0,147.6,126,25.09,284.1,84,24.15,170.2,87,7.66,8.1,7,2.19,0,yes
3793,UT,80,area_code_415,no,yes,33,189.4,109,32.2,148.7,68,12.64,208.9,119,9.4,11.2,4,3.02,1,yes
3804,NV,109,area_code_408,no,yes,39,270,58,45.9,235.5,108,20.02,194.3,57,8.74,7.8,6,2.11,1,yes
3823,TX,104,area_code_415,no,no,0,304,141,51.68,264.1,127,22.45,138.1,104,6.21,7.2,4,1.94,0,yes
3842,KY,131,area_code_415,no,no,0,210.1,97,35.72,177.3,96,15.07,130.2,136,5.86,13.3,1,3.59,0,yes
3848,CA,112,area_code_415,no,no,0,105.3,101,17.9,187.2,92,15.91,206.4,101,9.29,11.1,2,3,4,yes
3852,MO,178,area_code_408,no,yes,32,148.7,95,25.28,198.6,55,16.88,187,113,8.41,10.4,7,2.81,6,yes
3853,WV,136,area_code_510,no,no,0,240.1,121,40.82,271.2,123,23.05,132.7,98,5.97,17.2,4,4.64,0,yes
3855,MO,87,area_code_408,no,no,0,156,70,26.52,160.5,89,13.64,206.6,112,9.3,7.1,3,1.92,4,yes
3869,AR,90,area_code_408,no,no,0,235,77,39.95,267.3,94,22.72,222.1,119,9.99,5.3,4,1.43,3,yes
3874,MT,63,area_code_415,no,no,0,162.5,86,27.63,165.4,112,14.06,163.7,67,7.37,13.4,6,3.62,4,yes
3902,AK,152,area_code_510,no,no,0,302.8,143,51.48,189.8,69,16.13,214.9,114,9.67,10.9,4,2.94,2,yes
3910,KY,155,area_code_510,yes,yes,38,234.6,84,39.88,214.9,119,18.27,196.7,69,8.85,8,2,2.16,1,yes
3917,CT,68,area_code_510,yes,no,0,197.7,99,33.61,188.8,106,16.05,254.6,80,11.46,19.2,4,5.18,3,yes
3932,OH,123,area_code_510,no,no,0,222.4,90,37.81,286.3,104,24.34,300.8,95,13.54,9.9,3,2.67,2,yes
3933,IN,88,area_code_415,no,no,0,82.7,94,14.06,157.5,130,13.39,205.9,81,9.27,10.6,4,2.86,0,yes
3955,NY,68,area_code_415,no,no,0,267.9,80,45.54,145.4,143,12.36,273.3,119,12.3,14.9,1,4.02,3,yes
3962,MT,117,area_code_510,no,no,0,180.6,134,30.7,216.6,96,18.41,101,122,4.55,10.6,6,2.86,4,yes
3967,WA,124,area_code_408,no,no,0,282.8,108,48.08,246.3,89,20.94,256.4,96,11.54,10.3,1,2.78,3,yes
3974,MA,50,area_code_510,no,no,0,160.1,64,27.22,208.7,123,17.74,199.7,84,8.99,7.6,12,2.05,5,yes
3979,GA,111,area_code_408,yes,no,0,159.4,47,27.1,269.3,53,22.89,179.8,103,8.09,13.7,2,3.7,2,yes
3984,DC,65,area_code_408,no,no,0,244.5,72,41.57,206.2,88,17.53,299.8,110,13.49,7.6,1,2.05,5,yes
3987,ID,95,area_code_408,no,no,0,133,94,22.61,196.6,126,16.71,181,128,8.15,9.9,3,2.67,4,yes
3988,WA,118,area_code_408,no,no,0,297.2,113,50.52,188.8,114,16.05,188.9,100,8.5,12.4,6,3.35,1,yes
3992,ID,123,area_code_415,no,no,0,132.2,122,22.47,169.9,101,14.44,150.1,123,6.75,12.9,11,3.48,3,yes
3994,NJ,112,area_code_408,no,no,0,351.5,95,59.76,206.8,108,17.58,275.8,146,12.41,11.9,4,3.21,1,yes
4003,NJ,60,area_code_415,yes,no,0,97.2,91,16.52,243.7,93,20.71,235,116,10.58,10.1,2,2.73,1,yes
4019,TN,175,area_code_408,yes,yes,35,159.5,95,27.12,140.7,100,11.96,176.3,99,7.93,5.4,4,1.46,5,yes
4022,ND,117,area_code_415,yes,no,0,158.1,101,26.88,315.1,96,26.78,176.1,108,7.92,13.9,2,3.75,3,yes
4024,NH,131,area_code_510,no,no,0,103.5,105,17.6,174.1,103,14.8,248.2,95,11.17,11.7,2,3.16,5,yes
4028,WY,67,area_code_510,no,no,0,125,96,21.25,294.5,114,25.03,205.7,75,9.26,10.2,4,2.75,1,yes
4031,ID,107,area_code_415,no,no,0,260.6,81,44.3,246.1,116,20.92,243.3,117,10.95,12.8,9,3.46,0,yes
4042,DE,52,area_code_415,no,no,0,257.9,80,43.84,220.7,82,18.76,225.4,70,10.14,16.8,3,4.54,2,yes
4049,IL,124,area_code_510,no,no,0,133.2,80,22.64,144.2,98,12.26,261,102,11.75,12,3,3.24,3,yes
4054,LA,61,area_code_408,no,no,0,140.8,126,23.94,212.5,115,18.06,141.7,79,6.38,6.4,5,1.73,4,yes
4063,NJ,77,area_code_408,yes,yes,34,209.9,79,35.68,226.1,88,19.22,101.8,103,4.58,11.4,2,3.08,2,yes
4068,NJ,117,area_code_408,no,no,0,185.6,115,31.55,174.8,83,14.86,188.2,122,8.47,6.7,4,1.81,4,yes
4080,NJ,119,area_code_408,no,no,0,287.1,83,48.81,218.4,124,18.56,151.5,42,6.82,11,4,2.97,1,yes
4088,OH,142,area_code_408,yes,no,0,160.6,101,27.3,202,125,17.17,221.7,100,9.98,8.8,2,2.38,1,yes
4094,UT,139,area_code_510,no,no,0,258.7,94,43.98,190.3,132,16.18,247.2,73,11.12,11.4,2,3.08,1,yes
4113,KY,110,area_code_408,no,no,0,244.7,84,41.6,106.4,95,9.04,194.9,61,8.77,10.5,1,2.84,2,yes
4121,AR,32,area_code_415,yes,no,0,265.5,75,45.14,119.7,77,10.17,169.9,128,7.65,14.8,6,4,2,yes
4122,UT,101,area_code_415,no,no,0,332.1,91,56.46,151,123,12.84,277.8,99,12.5,11.3,3,3.05,1,yes
4131,MA,150,area_code_408,no,no,0,150.9,92,25.65,191,106,16.24,223.6,107,10.06,8.3,4,2.24,5,yes
4132,OK,94,area_code_415,no,no,0,255.1,96,43.37,276.9,67,23.54,226.5,74,10.19,10.6,2,2.86,0,yes
4136,KS,74,area_code_408,no,no,0,286.9,113,48.77,260.8,121,22.17,137.1,94,6.17,12.6,6,3.4,0,yes
4138,AL,76,area_code_415,no,no,0,222,99,37.74,215.9,122,18.35,204.1,131,9.18,8.2,5,2.21,3,yes
4141,MN,161,area_code_408,no,no,0,252.3,120,42.89,243.8,98,20.72,284.4,96,12.8,9.2,2,2.48,1,yes
4142,WV,116,area_code_415,no,no,0,255.5,93,43.44,224.4,122,19.07,317.3,85,14.28,12.7,4,3.43,1,yes
4154,VT,106,area_code_510,yes,no,0,196.7,100,33.44,210.2,109,17.87,173.8,83,7.82,7.8,1,2.11,4,yes
4158,OR,174,area_code_415,no,no,0,222.3,102,37.79,173.8,123,14.77,297.2,97,13.37,5.7,2,1.54,0,yes
4159,NY,98,area_code_510,no,no,0,198.6,92,33.76,349.4,99,29.7,221.7,83,9.98,7.3,6,1.97,2,yes
4163,OH,4,area_code_415,yes,no,0,169.7,96,28.85,131.8,94,11.2,245.1,86,11.03,14.2,4,3.83,0,yes
4166,WV,114,area_code_415,no,no,0,247.8,95,42.13,255.1,98,21.68,224.1,105,10.08,9.5,6,2.57,1,yes
4172,AK,36,area_code_415,yes,yes,19,171.9,96,29.22,198.4,111,16.86,321.7,76,14.48,10.5,1,2.84,1,yes
4186,HI,87,area_code_510,no,no,0,297.4,63,50.56,118.4,108,10.06,242.3,72,10.9,11,2,2.97,2,yes
4191,TX,72,area_code_415,yes,no,0,286.1,101,48.64,306.1,94,26.02,232.8,89,10.48,10.3,1,2.78,4,yes
4197,KY,59,area_code_510,no,no,0,155.5,92,26.44,192.3,104,16.35,123.3,106,5.55,10.5,3,2.84,4,yes
4203,TX,125,area_code_415,no,no,0,190.2,107,32.33,209.2,75,17.78,102.1,136,4.59,14.2,5,3.83,4,yes
4211,AZ,102,area_code_510,no,no,0,171.6,116,29.17,219.4,111,18.65,242.1,85,10.89,12.1,4,3.27,0,yes
4212,TX,112,area_code_510,no,no,0,242.1,69,41.16,235.2,150,19.99,237.7,106,10.7,10,5,2.7,3,yes
4226,TN,78,area_code_415,yes,no,0,71.5,126,12.16,166.8,127,14.18,211.6,86,9.52,8.3,2,2.24,3,yes
4229,CO,141,area_code_408,no,no,0,264.3,90,44.93,216.4,101,18.39,208.8,72,9.4,9.6,3,2.59,0,yes
4230,IN,91,area_code_510,yes,no,0,103.2,100,17.54,124.8,154,10.61,336.1,111,15.12,14,4,3.78,2,yes
4231,DC,150,area_code_510,yes,no,0,114.8,156,19.52,135.3,78,11.5,218.4,98,9.83,15.6,4,4.21,1,yes
4237,FL,91,area_code_415,no,no,0,153.2,70,26.04,231.7,91,19.69,115.1,80,5.18,9.8,3,2.65,4,yes
4252,UT,67,area_code_510,no,no,0,225.9,78,38.4,243.1,83,20.66,84.1,94,3.78,13.5,2,3.65,2,yes
4254,OK,103,area_code_510,no,no,0,267,97,45.39,204.3,151,17.37,246.9,67,11.11,11.3,7,3.05,1,yes
4258,WA,65,area_code_510,no,no,0,183.4,63,31.18,183.6,80,15.61,153.5,83,6.91,10.7,4,2.89,4,yes
4259,MO,86,area_code_510,no,no,0,223,109,37.91,286.2,76,24.33,257.8,132,11.6,7.5,7,2.03,3,yes
4265,OK,103,area_code_415,no,no,0,278.4,121,47.33,252.2,139,21.44,202.3,96,9.1,13.7,1,3.7,1,yes
4269,AZ,155,area_code_415,yes,no,0,176.1,88,29.94,244.5,84,20.78,189.9,99,8.55,11.2,1,3.02,2,yes
4281,NV,104,area_code_415,no,no,0,210.9,90,35.85,272.2,101,23.14,304.3,86,13.69,10.6,5,2.86,3,yes
4284,TN,45,area_code_415,yes,no,0,189.6,96,32.23,171.7,69,14.59,222,102,9.99,13.9,7,3.75,1,yes
4286,ME,173,area_code_408,no,no,0,128.6,108,21.86,248.3,92,21.11,130.1,115,5.85,10.4,2,2.81,4,yes
4293,MS,78,area_code_510,yes,no,0,198.9,93,33.81,210.6,86,17.9,252.1,99,11.34,14.4,12,3.89,0,yes
4295,OH,49,area_code_408,no,no,0,202.3,105,34.39,195.4,131,16.61,190.1,88,8.55,9,2,2.43,3,yes
4297,MT,64,area_code_415,no,no,0,131.3,105,22.32,109.4,114,9.3,246.2,125,11.08,12.7,4,3.43,4,yes
4298,SC,105,area_code_408,yes,no,0,274,156,46.58,263,69,22.36,195.9,93,8.82,11.3,3,3.05,3,yes
4308,WV,176,area_code_510,no,no,0,304.2,111,51.71,306.6,64,26.06,207.9,98,9.36,9.5,2,2.57,7,yes
4310,IL,108,area_code_510,yes,no,0,137.3,68,23.34,143.8,94,12.22,238.7,101,10.74,8.9,1,2.4,1,yes
4325,ME,81,area_code_415,yes,no,0,220.4,76,37.47,276.4,122,23.49,239.5,112,10.78,11.4,5,3.08,1,yes
4329,MN,128,area_code_510,yes,no,0,192.8,96,32.78,136.6,86,11.61,151.8,75,6.83,13.5,4,3.65,1,yes
4331,KY,76,area_code_510,no,no,0,293.8,94,49.95,169.6,62,14.42,160.4,103,7.22,13.7,9,3.7,0,yes
4333,WA,82,area_code_415,no,no,0,313.6,110,53.31,263.2,104,22.37,139,93,6.26,7.5,5,2.03,1,yes
4338,DC,78,area_code_415,yes,no,0,176.6,107,30.02,179.4,98,15.25,178.2,80,8.02,16.6,5,4.48,2,yes
4356,OK,33,area_code_415,yes,no,0,247.1,114,42.01,146.5,110,12.45,208.9,94,9.4,10.6,2,2.86,4,yes
4367,TX,109,area_code_510,yes,no,0,159.6,136,27.13,151,126,12.84,142.1,53,6.39,7.3,4,1.97,4,yes
4371,IN,168,area_code_415,no,no,0,160.6,110,27.3,185.2,120,15.74,120.2,104,5.41,9.1,4,2.46,1,yes
4372,NY,138,area_code_415,yes,no,0,261.1,96,44.39,170.9,120,14.53,71.1,89,3.2,0,0,0,3,yes
4377,DC,149,area_code_415,no,yes,25,185.6,109,31.55,167.3,89,14.22,171.6,100,7.72,10.7,3,2.89,1,yes
4384,DE,140,area_code_415,no,no,0,143,100,24.31,193.4,89,16.44,59.5,81,2.68,12.3,8,3.32,4,yes
4387,OK,88,area_code_408,yes,no,0,132.9,132,22.59,208.2,82,17.7,260.5,42,11.72,14.4,11,3.89,2,yes
4405,OH,95,area_code_510,no,yes,24,129.4,120,22,159.8,68,13.58,214.4,83,9.65,12.6,4,3.4,4,yes
4407,KS,116,area_code_408,yes,no,0,232.2,98,39.47,244.7,91,20.8,151.3,69,6.81,10.6,1,2.86,7,yes
4412,VT,100,area_code_510,no,no,0,254.2,97,43.21,262,88,22.27,256.3,82,11.53,13.6,6,3.67,0,yes
4422,IA,67,area_code_408,no,no,0,177.4,102,30.16,215.2,123,18.29,132.4,120,5.96,6.6,4,1.78,4,yes
4438,OR,101,area_code_415,yes,no,0,169.5,117,28.82,212,111,18.02,204,120,9.18,9.7,1,2.62,0,yes
4466,MD,116,area_code_408,no,no,0,254.6,107,43.28,249.4,89,21.2,229.6,77,10.33,9,18,2.43,2,yes
4472,HI,47,area_code_510,yes,no,0,135,108,22.95,176.3,111,14.99,144.6,96,6.51,10.5,1,2.84,1,yes
4477,KS,70,area_code_415,no,no,0,325.5,128,55.34,300.3,105,25.53,199.8,93,8.99,5.7,7,1.54,1,yes
4489,MD,103,area_code_415,yes,no,0,133.2,90,22.64,236.8,70,20.13,214.1,120,9.63,12.5,2,3.38,1,yes
4490,IA,157,area_code_415,no,no,0,248.7,113,42.28,251.8,79,21.4,262.7,46,11.82,7.5,3,2.03,5,yes
4493,NM,136,area_code_408,no,no,0,276.3,94,46.97,226,125,19.21,221.4,87,9.96,7.2,1,1.94,1,yes
4503,CT,60,area_code_415,yes,yes,45,135.6,101,23.05,94.9,73,8.07,154,118,6.93,9.8,3,2.65,4,yes
4508,CA,86,area_code_415,no,no,0,234.6,102,39.88,268.3,109,22.81,195.6,102,8.8,11.6,4,3.13,1,yes
4514,IA,121,area_code_415,no,no,0,273.8,96,46.55,263.1,106,22.36,201.5,83,9.07,10.8,3,2.92,1,yes
4538,OR,100,area_code_415,no,yes,31,67.7,67,11.51,147.1,116,12.5,288.3,103,12.97,12.3,2,3.32,6,yes
4563,NM,42,area_code_415,no,no,0,137.9,160,23.44,234.9,107,19.97,166.6,70,7.5,14.3,3,3.86,5,yes
4569,NJ,124,area_code_415,no,no,0,108.2,92,18.39,214.3,83,18.22,185.5,155,8.35,13.2,11,3.56,4,yes
4573,MD,80,area_code_510,yes,no,0,275.4,89,46.82,186.7,66,15.87,201.3,87,9.06,9.4,2,2.54,0,yes
4577,WV,131,area_code_510,no,no,0,256.6,96,43.62,225.2,113,19.14,190.2,91,8.56,11.1,3,3,1,yes
4578,KS,158,area_code_415,yes,no,0,200,98,34,205.4,106,17.46,323.7,96,14.57,8.9,2,2.4,0,yes
4593,SD,72,area_code_415,no,yes,38,84.3,116,14.33,267.2,127,22.71,167.7,75,7.55,8.3,6,2.24,4,yes
4598,OR,65,area_code_408,yes,no,0,54.8,74,9.32,239.8,93,20.38,214.4,91,9.65,13.4,5,3.62,1,yes
4600,MT,127,area_code_408,no,no,0,271.2,110,46.1,213.5,80,18.15,201.8,102,9.08,13.2,4,3.56,0,yes
4625,MN,178,area_code_510,no,no,0,225.4,104,38.32,110.7,90,9.41,134.1,109,6.03,15.3,5,4.13,2,yes
4629,AR,41,area_code_415,no,no,0,102.9,114,17.49,107.9,119,9.17,277.6,99,12.49,11,4,2.97,6,yes
4637,NJ,136,area_code_415,yes,yes,22,160.3,115,27.25,273.2,88,23.22,203.2,89,9.14,11.7,2,3.16,0,yes
4639,MO,38,area_code_510,no,no,0,281.1,113,47.79,236.1,82,20.07,230.1,60,10.35,10.9,3,2.94,1,yes
4641,CT,110,area_code_415,no,no,0,251.3,91,42.72,207.2,95,17.61,249,70,11.21,12.9,2,3.48,1,yes
4644,TN,114,area_code_415,yes,no,0,200.7,72,34.12,271.2,79,23.05,188.2,97,8.47,13.4,7,3.62,2,yes
4651,NM,89,area_code_408,no,no,0,269.8,94,45.87,227,125,19.3,212.2,135,9.55,4.7,6,1.27,1,yes
4659,IN,91,area_code_415,no,no,0,289.3,73,49.18,179.8,86,15.28,186.7,94,8.4,6.4,7,1.73,1,yes
4677,IA,200,area_code_415,yes,yes,29,92.2,95,15.67,200,101,17,119.1,99,5.36,5.7,1,1.54,1,yes
4679,WA,143,area_code_415,no,no,0,211.4,94,35.94,184.5,89,15.68,243.2,108,10.94,5.5,5,1.49,1,yes
4688,MA,97,area_code_510,yes,no,0,272.8,60,46.38,216.5,113,18.4,245.1,67,11.03,6.1,8,1.65,5,yes
4693,MA,98,area_code_415,no,no,0,182.6,76,31.04,145.2,75,12.34,162.6,127,7.32,12,1,3.24,6,yes
4711,KY,122,area_code_415,no,no,0,273.8,94,46.55,237.1,131,20.15,295.9,89,13.32,10.4,2,2.81,3,yes
4722,AL,166,area_code_415,yes,no,0,191.3,120,32.52,167.3,88,14.22,162.9,110,7.33,10.2,2,2.75,2,yes
4736,MT,21,area_code_415,no,no,0,254.3,87,43.23,215.5,95,18.32,236.3,98,10.63,11.6,5,3.13,1,yes
4738,MD,137,area_code_510,no,no,0,111.8,106,19.01,281.9,89,23.96,233,93,10.49,11.5,4,3.11,4,yes
4741,CA,126,area_code_415,no,no,0,97,96,16.49,213.1,79,18.11,322.2,79,14.5,10.8,3,2.92,5,yes
4745,ID,43,area_code_415,no,no,0,253.6,110,43.11,253.3,92,21.53,161.3,103,7.26,10.2,3,2.75,3,yes
4773,MI,62,area_code_408,no,no,0,119.3,94,20.28,224,81,19.04,156.7,78,7.05,12.1,6,3.27,5,yes
4774,MT,84,area_code_415,no,yes,25,113.9,90,19.36,257,99,21.85,214.5,98,9.65,12.9,8,3.48,4,yes
4777,KY,78,area_code_415,no,no,0,254.1,112,43.2,215.9,80,18.35,267.1,124,12.02,16.3,3,4.4,0,yes
4779,NY,102,area_code_408,no,yes,48,134,83,22.78,234.3,128,19.92,197.3,107,8.88,7.8,4,2.11,6,yes
4789,NY,98,area_code_408,no,no,0,136.9,120,23.27,180.6,84,15.35,172.9,94,7.78,11.9,4,3.21,4,yes
4799,TN,222,area_code_415,no,no,0,256.6,119,43.62,230.8,98,19.62,236,97,10.62,12.2,5,3.29,1,yes
4804,AL,91,area_code_415,no,no,0,271.9,106,46.22,231.9,116,19.71,247,110,11.12,9.3,3,2.51,1,yes
4810,AZ,126,area_code_415,no,no,0,284,92,48.28,199.7,78,16.97,203.4,141,9.15,6.6,2,1.78,1,yes
4826,IA,83,area_code_408,yes,no,0,197.6,105,33.59,177.5,96,15.09,126.8,100,5.71,9.2,1,2.48,3,yes
4833,NJ,172,area_code_510,no,no,0,290.5,123,49.39,253,77,21.51,159.3,96,7.17,11.3,5,3.05,2,yes
4838,DE,115,area_code_415,no,no,0,275.5,76,46.84,225.8,82,19.19,327.3,87,14.73,4.8,2,1.3,3,yes
4857,TX,14,area_code_415,no,no,0,271.9,104,46.22,171.4,104,14.57,239.2,111,10.76,13.8,4,3.73,2,yes
4862,CO,74,area_code_415,yes,no,0,267.5,134,45.48,242.5,110,20.61,223,108,10.04,8.3,4,2.24,3,yes
4863,AL,26,area_code_408,no,no,0,290.1,143,49.32,245.7,97,20.88,147,80,6.61,7.4,4,2,2,yes
4891,CT,25,area_code_510,no,no,0,144.1,111,24.5,224.8,89,19.11,132.9,110,5.98,13.6,3,3.67,4,yes
4896,MS,132,area_code_415,yes,no,0,144.3,70,24.53,231.5,125,19.68,304.3,137,13.69,7,2,1.89,1,yes
4899,ND,152,area_code_408,no,no,0,298.1,113,50.68,228,119,19.38,228.1,98,10.26,8.2,4,2.21,4,yes
4915,WY,141,area_code_408,no,no,0,301.4,87,51.24,269.2,111,22.88,148.6,95,6.69,14.4,5,3.89,0,yes
4918,ND,38,area_code_415,yes,no,0,211.6,87,35.97,106.9,68,9.09,239.2,99,10.76,14.1,11,3.81,0,yes
4919,MA,110,area_code_408,no,no,0,272.5,113,46.33,288.9,113,24.56,172.4,96,7.76,10.1,5,2.73,2,yes
4920,NJ,77,area_code_415,yes,no,0,323.7,106,55.03,139.2,99,11.83,204.4,89,9.2,8.5,3,2.3,6,yes
4922,TX,65,area_code_415,no,no,0,143.6,98,24.41,187.7,96,15.95,200.2,104,9.01,9.3,2,2.51,3,yes
4925,OK,110,area_code_510,no,no,0,281.2,78,47.8,302.3,89,25.7,188.4,92,8.48,8.5,4,2.3,0,yes
4938,WA,62,area_code_415,yes,no,0,180.9,121,30.75,134.3,107,11.42,179.3,74,8.07,8.6,2,2.32,2,yes
4940,MN,30,area_code_408,no,no,0,112.9,81,19.19,224.8,68,19.11,188.4,122,8.48,11.3,7,3.05,4,yes
4944,OR,132,area_code_510,no,no,0,265.8,122,45.19,285.1,90,24.23,183.6,124,8.26,13.6,9,3.67,2,yes
4949,NH,114,area_code_510,yes,yes,28,136.4,93,23.19,170,90,14.45,191.5,73,8.62,14.6,4,3.94,2,yes
4954,ME,90,area_code_415,no,no,0,104,104,17.68,170.9,106,14.53,158.8,99,7.15,8.7,5,2.35,4,yes
4960,NM,137,area_code_408,yes,no,0,312.4,110,53.11,231.1,73,19.64,120.1,78,5.4,10.6,2,2.86,1,yes
4981,WA,73,area_code_408,no,no,0,177.2,118,30.12,270.5,84,22.99,241.8,112,10.88,12.3,2,3.32,3,yes
4991,ND,140,area_code_510,no,no,0,244.7,115,41.6,258.6,101,21.98,231.3,112,10.41,7.5,6,2.03,1,yes
4992,AZ,97,area_code_510,no,no,0,252.6,89,42.94,340.3,91,28.93,256.5,67,11.54,8.8,5,2.38,1,yes
4997,WV,152,area_code_415,no,no,0,184.2,90,31.31,256.8,73,21.83,213.6,113,9.61,14.7,2,3.97,3,yes
